waypoint_occurrence,waypoint_x_meters,waypoint_y_meters,tolerance_cm,before_cm,after_cm,moved_source_history_index
1,6.58485,7.35219,20,1.394316139865893,1.394316139865893,
2,7.80421,6.62196,20,3.7288081247365588,3.7288081247365588,
3,7.75712,5.65573,20,2.541158314983646,2.541158314983646,
4,6.58485,7.35219,20,2.9286942378501735,2.9286942378501735,
5,4.42627,7.40708,20,4.32804351364398,4.32804351364398,
6,6.58485,7.35219,20,6.3568280479018,6.3568280479018,
7,7.80421,6.62196,20,7.373305168223082,7.373305168223082,
8,7.75712,5.65573,20,21.645367663522116,10.000000000000028,100
9,6.58485,7.35219,20,1.4624037077803977,1.4624037077803977,
10,4.42627,7.40708,20,3.083559747007009,3.083559747007009,
