time_seconds,x_meters,y_meters,heading_radians,auto_active,synthetic_mock,source_history_index,normalized_path_progress,synthetic_position_offset_meters,waypoint_correction_applied,provenance
4.568473,4.426270000,7.407080000,-0.010598199,true,true,0,0.000000000,0.000000000,false,SYNTHETIC_MOCK_NOT_ROBOT_LOG
4.701235,4.431323871,7.407006812,-0.010605335,true,true,1,0.000249660,0.000007044,false,SYNTHETIC_MOCK_NOT_ROBOT_LOG
4.742360,4.443984014,7.406837829,-0.010604124,true,true,2,0.000875045,0.000086538,false,SYNTHETIC_MOCK_NOT_ROBOT_LOG
4.841310,4.501700200,7.405347773,-0.010605640,true,true,3,0.003726848,0.000123914,false,SYNTHETIC_MOCK_NOT_ROBOT_LOG
4.929296,4.580865666,7.402093798,-0.010615253,true,true,4,0.007639892,0.001552179,false,SYNTHETIC_MOCK_NOT_ROBOT_LOG
5.014216,4.685001338,7.395252645,-0.010616689,true,true,5,0.012790229,0.005947800,false,SYNTHETIC_MOCK_NOT_ROBOT_LOG
5.116273,4.838486563,7.383904247,-0.010618034,true,true,6,0.020383053,0.013624123,false,SYNTHETIC_MOCK_NOT_ROBOT_LOG
5.186889,4.958258791,7.379919831,-0.010616733,true,true,7,0.026302457,0.014696639,false,SYNTHETIC_MOCK_NOT_ROBOT_LOG
5.243984,5.065509727,7.376483217,-0.010616098,true,true,8,0.031602857,0.015495513,false,SYNTHETIC_MOCK_NOT_ROBOT_LOG
5.331918,5.238892328,7.371253921,-0.010617581,true,true,9,0.040171065,0.016408649,false,SYNTHETIC_MOCK_NOT_ROBOT_LOG
5.427229,5.447409790,7.367104805,-0.010618376,true,true,10,0.050472876,0.015300501,false,SYNTHETIC_MOCK_NOT_ROBOT_LOG
5.512020,5.648360535,7.359904465,-0.010614163,true,true,11,0.060404806,0.017379434,false,SYNTHETIC_MOCK_NOT_ROBOT_LOG
5.540610,5.726458738,7.357280285,-0.010615310,true,true,12,0.064264554,0.018000861,false,SYNTHETIC_MOCK_NOT_ROBOT_LOG
5.640609,5.976973238,7.351231590,-0.010608895,true,true,13,0.076642474,0.017583432,false,SYNTHETIC_MOCK_NOT_ROBOT_LOG
5.745578,6.255245473,7.345271993,-0.010605689,true,true,14,0.090390999,0.016266682,false,SYNTHETIC_MOCK_NOT_ROBOT_LOG
5.800991,6.411398023,7.340438032,-0.010606888,true,true,15,0.098108187,0.016939069,false,SYNTHETIC_MOCK_NOT_ROBOT_LOG
5.856494,6.576053449,7.337845113,-0.010613439,true,true,16,0.106262394,0.013497582,false,SYNTHETIC_MOCK_NOT_ROBOT_LOG
5.923113,6.759826292,7.345954298,-0.013732795,true,true,17,0.115227748,0.016848459,false,SYNTHETIC_MOCK_NOT_ROBOT_LOG
5.980795,6.914518838,7.334819513,-0.042214161,true,true,18,0.122296826,0.054701276,false,SYNTHETIC_MOCK_NOT_ROBOT_LOG
6.027969,7.030300610,7.287263394,-0.082207832,true,true,19,0.127518093,0.074527836,false,SYNTHETIC_MOCK_NOT_ROBOT_LOG
6.080774,7.131665581,7.205376397,-0.142614563,true,true,20,0.133455901,0.084991044,false,SYNTHETIC_MOCK_NOT_ROBOT_LOG
6.222171,7.296748972,6.957687206,-0.326124916,true,true,21,0.148114091,0.031349723,false,SYNTHETIC_MOCK_NOT_ROBOT_LOG
6.337125,7.457496830,6.775986243,-0.498537006,true,true,22,0.159927638,0.018908254,false,SYNTHETIC_MOCK_NOT_ROBOT_LOG
6.420966,7.597142010,6.681531487,-0.629626669,true,true,23,0.168176139,0.028524685,false,SYNTHETIC_MOCK_NOT_ROBOT_LOG
6.482577,7.714489702,6.637765545,-0.736040104,true,true,24,0.174315918,0.005357247,false,SYNTHETIC_MOCK_NOT_ROBOT_LOG
6.584163,7.892090485,6.517285950,-0.899329990,true,true,25,0.184074243,0.046933303,false,SYNTHETIC_MOCK_NOT_ROBOT_LOG
6.636693,7.949114575,6.426497001,-0.967330422,true,true,26,0.188657711,0.069255243,false,SYNTHETIC_MOCK_NOT_ROBOT_LOG
6.762228,7.953915878,6.144445450,-1.112996061,true,true,27,0.200311223,0.103949640,false,SYNTHETIC_MOCK_NOT_ROBOT_LOG
6.842050,7.874885664,6.009391964,-1.187228193,true,true,28,0.207924045,0.079339297,false,SYNTHETIC_MOCK_NOT_ROBOT_LOG
6.894631,7.825585665,5.922633125,-1.230747025,true,true,29,0.213114460,0.056824614,false,SYNTHETIC_MOCK_NOT_ROBOT_LOG
6.950600,7.788062723,5.822950687,-1.271976128,true,true,30,0.218580232,0.037776168,false,SYNTHETIC_MOCK_NOT_ROBOT_LOG
7.026858,7.772919721,5.675632698,-1.318809074,true,true,31,0.225817647,0.040848893,false,SYNTHETIC_MOCK_NOT_ROBOT_LOG
7.050276,7.764628827,5.633653010,-1.332463130,true,true,32,0.227702203,0.041668345,false,SYNTHETIC_MOCK_NOT_ROBOT_LOG
7.087711,7.738351552,5.572033679,-1.357618590,true,true,33,0.230638069,0.036777056,false,SYNTHETIC_MOCK_NOT_ROBOT_LOG
7.161774,7.646800197,5.518611102,-1.403080246,true,true,34,0.235212636,0.000374349,false,SYNTHETIC_MOCK_NOT_ROBOT_LOG
7.383014,7.540220609,5.652029458,-1.468914610,true,true,35,0.245874956,0.054409025,false,SYNTHETIC_MOCK_NOT_ROBOT_LOG
7.491390,7.511078729,5.792857250,-1.469198558,true,true,36,0.253402042,0.071074809,false,SYNTHETIC_MOCK_NOT_ROBOT_LOG
7.574329,7.476463472,5.930800207,-1.464921417,true,true,37,0.260326973,0.075406398,false,SYNTHETIC_MOCK_NOT_ROBOT_LOG
7.643525,7.435108210,6.063037946,-1.444011275,true,true,38,0.266954400,0.078822604,false,SYNTHETIC_MOCK_NOT_ROBOT_LOG
7.699628,7.390753092,6.168099072,-1.420193905,true,true,39,0.272375222,0.077492171,false,SYNTHETIC_MOCK_NOT_ROBOT_LOG
7.767572,7.321599135,6.294013663,-1.383555959,true,true,40,0.279219347,0.068889240,false,SYNTHETIC_MOCK_NOT_ROBOT_LOG
7.806770,7.274661875,6.374523074,-1.356078090,true,true,41,0.283715315,0.064859394,false,SYNTHETIC_MOCK_NOT_ROBOT_LOG
7.876846,7.179625201,6.509959343,-1.300931663,true,true,42,0.291749634,0.050365987,false,SYNTHETIC_MOCK_NOT_ROBOT_LOG
7.917665,7.120794613,6.593707724,-1.262611920,true,true,43,0.296744300,0.044635174,false,SYNTHETIC_MOCK_NOT_ROBOT_LOG
7.973568,7.038291263,6.701614429,-1.206488533,true,true,44,0.303392458,0.034386414,false,SYNTHETIC_MOCK_NOT_ROBOT_LOG
8.020863,6.960901365,6.798601451,-1.150921231,true,true,45,0.309487739,0.024438120,false,SYNTHETIC_MOCK_NOT_ROBOT_LOG
8.057389,6.904651855,6.870431278,-1.108331569,true,true,46,0.313979611,0.018624104,false,SYNTHETIC_MOCK_NOT_ROBOT_LOG
8.107347,6.830597795,6.984254553,-1.041242592,true,true,47,0.320684053,0.022193687,false,SYNTHETIC_MOCK_NOT_ROBOT_LOG
8.155667,6.766374708,7.097432943,-0.972934107,true,true,48,0.327095916,0.033240767,false,SYNTHETIC_MOCK_NOT_ROBOT_LOG
8.245935,6.647636439,7.319643852,-0.834757674,true,true,49,0.339408702,0.057798760,false,SYNTHETIC_MOCK_NOT_ROBOT_LOG
8.329738,6.487667435,7.523400506,-0.689541417,true,true,50,0.351602233,0.067077573,false,SYNTHETIC_MOCK_NOT_ROBOT_LOG
8.410645,6.338690485,7.657416207,-0.611345674,true,true,51,0.360735295,0.079127113,false,SYNTHETIC_MOCK_NOT_ROBOT_LOG
8.583284,6.132171060,7.733108564,-0.606825368,true,true,52,0.369466368,0.093991576,false,SYNTHETIC_MOCK_NOT_ROBOT_LOG
8.733901,5.900333236,7.672806575,-0.519071619,true,true,53,0.379375755,0.093264207,false,SYNTHETIC_MOCK_NOT_ROBOT_LOG
9.132454,5.158268902,7.357786388,-0.286798053,true,true,54,0.419473010,0.033933492,false,SYNTHETIC_MOCK_NOT_ROBOT_LOG
9.179243,5.046393726,7.335336586,-0.265017548,true,true,55,0.424986153,0.051173507,false,SYNTHETIC_MOCK_NOT_ROBOT_LOG
9.223357,4.932131868,7.335081111,-0.244634129,true,true,56,0.430574301,0.049360027,false,SYNTHETIC_MOCK_NOT_ROBOT_LOG
9.287544,4.763593557,7.357818286,-0.217240010,true,true,57,0.438849340,0.028225125,false,SYNTHETIC_MOCK_NOT_ROBOT_LOG
9.341309,4.618607814,7.386975575,-0.196435703,true,true,58,0.446034558,0.004150745,false,SYNTHETIC_MOCK_NOT_ROBOT_LOG
9.357322,4.574354098,7.394752317,-0.190474662,true,true,59,0.448235736,0.001494823,false,SYNTHETIC_MOCK_NOT_ROBOT_LOG
9.359138,4.568961534,7.393982129,-0.189767299,true,true,60,0.448499818,0.000451129,false,SYNTHETIC_MOCK_NOT_ROBOT_LOG
9.370925,4.536063568,7.389817845,-0.185501138,true,true,61,0.450110619,0.005438482,false,SYNTHETIC_MOCK_NOT_ROBOT_LOG
9.525639,4.123197121,7.287009026,-0.134837531,true,true,62,0.470000535,0.138020680,false,SYNTHETIC_MOCK_NOT_ROBOT_LOG
9.586613,3.998265728,7.424966937,-0.116098520,true,true,63,0.476745325,0.007286289,false,SYNTHETIC_MOCK_NOT_ROBOT_LOG
9.607950,3.956634991,7.466641221,-0.110077903,true,true,64,0.478686121,0.034779039,false,SYNTHETIC_MOCK_NOT_ROBOT_LOG
9.749318,3.656209832,7.445116753,-0.076000973,true,true,65,0.486638431,0.190000000,false,SYNTHETIC_MOCK_NOT_ROBOT_LOG
10.231136,4.086291795,7.311180258,-0.062113631,true,true,66,0.500867669,0.190000000,false,SYNTHETIC_MOCK_NOT_ROBOT_LOG
10.324525,4.162994036,7.375725827,-0.062121848,true,true,67,0.507763018,0.151338542,false,SYNTHETIC_MOCK_NOT_ROBOT_LOG
10.433875,4.316744159,7.462873353,-0.062120560,true,true,68,0.517258524,0.051904104,false,SYNTHETIC_MOCK_NOT_ROBOT_LOG
10.506336,4.463112788,7.481165576,-0.062114657,true,true,69,0.524092148,0.000422919,false,SYNTHETIC_MOCK_NOT_ROBOT_LOG
10.578243,4.620064608,7.490706320,-0.062108678,true,true,70,0.531670113,0.039648527,false,SYNTHETIC_MOCK_NOT_ROBOT_LOG
10.681374,4.846408544,7.481717633,-0.062104172,true,true,71,0.542948675,0.060548662,false,SYNTHETIC_MOCK_NOT_ROBOT_LOG
10.752578,5.025033519,7.465527500,-0.062098717,true,true,72,0.551909059,0.060329398,false,SYNTHETIC_MOCK_NOT_ROBOT_LOG
10.848443,5.263683677,7.436369683,-0.062097546,true,true,73,0.563830039,0.045910637,false,SYNTHETIC_MOCK_NOT_ROBOT_LOG
10.928013,5.474768119,7.408404843,-0.062092848,true,true,74,0.574323877,0.027075256,false,SYNTHETIC_MOCK_NOT_ROBOT_LOG
11.005279,5.691081046,7.384426121,-0.062094961,true,true,75,0.585050558,0.010314533,false,SYNTHETIC_MOCK_NOT_ROBOT_LOG
11.056182,5.832582390,7.371970911,-0.062095229,true,true,76,0.592055878,0.001903424,false,SYNTHETIC_MOCK_NOT_ROBOT_LOG
11.128828,6.048216848,7.352080397,-0.059797372,true,true,77,0.602726533,0.012469777,false,SYNTHETIC_MOCK_NOT_ROBOT_LOG
11.224033,6.330548564,7.370978160,-0.049228256,true,true,78,0.616652256,0.011545208,false,SYNTHETIC_MOCK_NOT_ROBOT_LOG
11.293527,6.550946089,7.412736034,-0.047427327,true,true,79,0.627292735,0.060688034,false,SYNTHETIC_MOCK_NOT_ROBOT_LOG
11.350000,6.731386427,7.430446475,-0.067320902,true,true,80,0.635549588,0.104455349,false,SYNTHETIC_MOCK_NOT_ROBOT_LOG
11.415032,6.958514109,7.389328342,-0.144422943,true,true,81,0.645101905,0.142966884,false,SYNTHETIC_MOCK_NOT_ROBOT_LOG
11.489769,7.178850706,7.246963219,-0.302427633,true,true,82,0.656077617,0.153204634,false,SYNTHETIC_MOCK_NOT_ROBOT_LOG
11.562829,7.322628710,7.061084890,-0.476473327,true,true,83,0.667303064,0.123893479,false,SYNTHETIC_MOCK_NOT_ROBOT_LOG
11.642632,7.446097604,6.853803833,-0.637761898,true,true,84,0.679238999,0.053064307,false,SYNTHETIC_MOCK_NOT_ROBOT_LOG
11.704237,7.578440200,6.707664189,-0.747434573,true,true,85,0.688934935,0.007230475,false,SYNTHETIC_MOCK_NOT_ROBOT_LOG
11.770989,7.752740918,6.568082812,-0.853932722,true,true,86,0.699707859,0.039123235,false,SYNTHETIC_MOCK_NOT_ROBOT_LOG
11.823704,7.886236097,6.473190498,-0.931994613,true,true,87,0.707854030,0.064038541,false,SYNTHETIC_MOCK_NOT_ROBOT_LOG
11.910867,8.065165867,6.310476608,-1.052407965,true,true,88,0.720733416,0.096814573,false,SYNTHETIC_MOCK_NOT_ROBOT_LOG
11.998087,8.203652525,6.149061378,-1.156485379,true,true,89,0.732528264,0.099442337,false,SYNTHETIC_MOCK_NOT_ROBOT_LOG
12.071268,8.292365985,6.033976206,-1.229414662,true,true,90,0.740871614,0.067429818,false,SYNTHETIC_MOCK_NOT_ROBOT_LOG
12.175644,8.362005792,5.867761103,-1.310083067,true,true,91,0.749912830,0.004976350,false,SYNTHETIC_MOCK_NOT_ROBOT_LOG
12.214306,8.357632303,5.796683417,-1.335657988,true,true,92,0.752739134,0.036423814,false,SYNTHETIC_MOCK_NOT_ROBOT_LOG
12.302388,8.260118309,5.656023924,-1.384591278,true,true,93,0.758816645,0.102416659,false,SYNTHETIC_MOCK_NOT_ROBOT_LOG
12.345816,8.180498371,5.603636579,-1.404047469,true,true,94,0.761989478,0.139173340,false,SYNTHETIC_MOCK_NOT_ROBOT_LOG
12.369896,8.139770946,5.588001401,-1.412521694,true,true,95,0.763589531,0.152629865,false,SYNTHETIC_MOCK_NOT_ROBOT_LOG
12.381068,8.102478315,5.587984187,-1.417050086,true,true,96,0.764548405,0.153225714,true,SYNTHETIC_MOCK_NOT_ROBOT_LOG
12.397049,8.047684256,5.593686944,-1.422890483,true,true,97,0.765854017,0.153421103,true,SYNTHETIC_MOCK_NOT_ROBOT_LOG
12.436812,7.953521819,5.642806119,-1.435858753,true,true,98,0.769205142,0.124327513,true,SYNTHETIC_MOCK_NOT_ROBOT_LOG
12.458686,7.893495852,5.669009216,-1.442485684,true,true,99,0.771271094,0.118936505,true,SYNTHETIC_MOCK_NOT_ROBOT_LOG
12.486655,7.835741875,5.717524828,-1.449881759,true,true,100,0.773922203,0.097457849,true,SYNTHETIC_MOCK_NOT_ROBOT_LOG
12.530164,7.771558570,5.811408534,-1.458802015,true,true,101,0.777831827,0.089473938,true,SYNTHETIC_MOCK_NOT_ROBOT_LOG
12.594252,7.692403075,5.916156232,-1.456156473,true,true,102,0.784290627,0.141334711,true,SYNTHETIC_MOCK_NOT_ROBOT_LOG
12.641743,7.641638021,5.957539333,-1.428295242,true,true,103,0.789222028,0.158822864,true,SYNTHETIC_MOCK_NOT_ROBOT_LOG
12.678362,7.605271511,5.996593235,-1.382995160,true,true,104,0.793244017,0.180413439,true,SYNTHETIC_MOCK_NOT_ROBOT_LOG
12.737765,7.525158203,6.047278136,-1.277912398,true,true,105,0.799547085,0.190000000,false,SYNTHETIC_MOCK_NOT_ROBOT_LOG
12.784242,7.446447334,6.078487484,-1.183288816,true,true,106,0.804549012,0.171742016,false,SYNTHETIC_MOCK_NOT_ROBOT_LOG
12.821011,7.377661774,6.106199660,-1.100688329,true,true,107,0.809105825,0.146500414,false,SYNTHETIC_MOCK_NOT_ROBOT_LOG
12.890943,7.260954686,6.186372343,-0.965360788,true,true,108,0.817357710,0.106307210,false,SYNTHETIC_MOCK_NOT_ROBOT_LOG
12.930614,7.198631976,6.252168843,-0.896458791,true,true,109,0.822229184,0.084230058,false,SYNTHETIC_MOCK_NOT_ROBOT_LOG
12.991445,7.116699924,6.386840045,-0.797867522,true,true,110,0.830212365,0.059267907,false,SYNTHETIC_MOCK_NOT_ROBOT_LOG
13.021024,7.074362292,6.469140946,-0.747775659,true,true,111,0.834746440,0.047477455,false,SYNTHETIC_MOCK_NOT_ROBOT_LOG
13.171512,6.899208809,6.843307868,-0.560995967,true,true,112,0.854962580,0.028694203,false,SYNTHETIC_MOCK_NOT_ROBOT_LOG
13.197835,6.870969692,6.915458285,-0.531821462,true,true,113,0.858720796,0.035946151,false,SYNTHETIC_MOCK_NOT_ROBOT_LOG
13.238700,6.818269083,7.025024773,-0.488345007,true,true,114,0.864669427,0.041166493,false,SYNTHETIC_MOCK_NOT_ROBOT_LOG
13.269097,6.767621679,7.100663210,-0.457871628,true,true,115,0.869130445,0.034240614,false,SYNTHETIC_MOCK_NOT_ROBOT_LOG
13.312734,6.684621893,7.207303253,-0.415996036,true,true,116,0.875721809,0.016856216,false,SYNTHETIC_MOCK_NOT_ROBOT_LOG
13.367866,6.572062819,7.344722712,-0.367436953,true,true,117,0.884416650,0.004041617,false,SYNTHETIC_MOCK_NOT_ROBOT_LOG
13.427301,6.450852742,7.468680791,-0.323540161,true,true,118,0.893017776,0.021791689,false,SYNTHETIC_MOCK_NOT_ROBOT_LOG
13.501940,6.270046761,7.601680990,-0.271494373,true,true,119,0.904457967,0.040869869,false,SYNTHETIC_MOCK_NOT_ROBOT_LOG
13.531395,6.188174011,7.639246618,-0.252312079,true,true,120,0.909014144,0.052657179,false,SYNTHETIC_MOCK_NOT_ROBOT_LOG
13.687720,5.985465345,7.683601273,-0.218058196,true,true,121,0.920940664,0.062289938,false,SYNTHETIC_MOCK_NOT_ROBOT_LOG
13.834658,5.760537210,7.624497245,-0.174124869,true,true,122,0.933976104,0.051031351,false,SYNTHETIC_MOCK_NOT_ROBOT_LOG
13.921572,5.594053542,7.546275437,-0.151793815,true,true,123,0.943015155,0.035597000,false,SYNTHETIC_MOCK_NOT_ROBOT_LOG
14.016798,5.388634298,7.471100733,-0.130719947,true,true,124,0.953589858,0.018889487,false,SYNTHETIC_MOCK_NOT_ROBOT_LOG
14.071819,5.264238695,7.437711228,-0.119837754,true,true,125,0.959895473,0.013274110,false,SYNTHETIC_MOCK_NOT_ROBOT_LOG
14.151881,5.070224962,7.394671058,-0.103385920,true,true,126,0.969641827,0.012561785,false,SYNTHETIC_MOCK_NOT_ROBOT_LOG
14.215232,4.920913383,7.363256369,-0.090387546,true,true,127,0.977096340,0.022696988,false,SYNTHETIC_MOCK_NOT_ROBOT_LOG
14.280853,4.786699771,7.349503417,-0.078347753,true,true,128,0.983617522,0.029150304,false,SYNTHETIC_MOCK_NOT_ROBOT_LOG
14.331596,4.705747399,7.357256279,-0.069911481,true,true,129,0.987511411,0.026317995,false,SYNTHETIC_MOCK_NOT_ROBOT_LOG
14.372083,4.655013490,7.368862980,-0.063297667,true,true,130,0.990006995,0.021853740,false,SYNTHETIC_MOCK_NOT_ROBOT_LOG
14.419314,4.608114780,7.386300333,-0.056037944,true,true,131,0.992429817,0.011804431,false,SYNTHETIC_MOCK_NOT_ROBOT_LOG
14.446622,4.586628262,7.394634419,-0.052426057,true,true,132,0.993545636,0.006641055,false,SYNTHETIC_MOCK_NOT_ROBOT_LOG
14.518214,4.538055061,7.407007150,-0.043659684,true,true,133,0.996002613,0.001346313,false,SYNTHETIC_MOCK_NOT_ROBOT_LOG
14.568836,4.513050848,7.408601822,-0.038694341,true,true,134,0.997235985,0.002439284,false,SYNTHETIC_MOCK_NOT_ROBOT_LOG
14.602052,4.499811708,7.408212519,-0.035813622,true,true,135,0.997888380,0.002134060,false,SYNTHETIC_MOCK_NOT_ROBOT_LOG
14.652046,4.482468399,7.407304694,-0.032656148,true,true,136,0.998745374,0.001439777,false,SYNTHETIC_MOCK_NOT_ROBOT_LOG
14.687693,4.473526394,7.406795788,-0.032647224,true,true,137,0.999187883,0.000979899,false,SYNTHETIC_MOCK_NOT_ROBOT_LOG
14.724772,4.465089574,7.405967541,-0.032647729,true,true,138,0.999604782,0.000076455,false,SYNTHETIC_MOCK_NOT_ROBOT_LOG
14.736102,4.462734662,7.405889968,-0.032647529,true,true,139,0.999721007,0.000044432,false,SYNTHETIC_MOCK_NOT_ROBOT_LOG
14.737668,4.462409812,7.405887854,-0.032647489,true,true,140,0.999737045,0.000054676,false,SYNTHETIC_MOCK_NOT_ROBOT_LOG
14.744913,4.460907250,7.405898390,-0.032647305,true,true,141,0.999811254,0.000081752,false,SYNTHETIC_MOCK_NOT_ROBOT_LOG
14.766596,4.457529423,7.406059110,-0.032647856,true,true,142,0.999978242,0.000020450,false,SYNTHETIC_MOCK_NOT_ROBOT_LOG
14.769825,4.457089817,7.406093617,-0.032648000,true,true,143,1.000000000,0.000000000,false,SYNTHETIC_MOCK_NOT_ROBOT_LOG
