robot_distance_meters,robot_x_meters,robot_y_meters,matched_gui_x_meters,matched_gui_y_meters,deviation_cm,nearest_curve_lower_bound_cm,gui_segment_index
0,4.42627,7.40708,4.431068448860526,7.40695798142392,0.47999999999997456,0,0
0.04,4.460384735631415,7.391287889467473,4.460764004760393,7.4062028604354255,1.4919792359381467,1.2869197758712216,2
0.08,4.500384264050956,7.391093657095552,4.500742621232826,7.405186254028356,1.4097152484820574,0.9701133044738618,4
0.12,4.5403837924704975,7.3908994247236315,4.5407212377052595,7.404169647621287,1.3274512610258788,0.6533068330763251,5
0.16,4.580383320890038,7.39070519235171,4.580699854177691,7.4031530412142175,1.245187273569787,0.33650036167896535,6
0.2,4.620382827951652,7.390552506060498,4.620677393523621,7.4021364621971335,1.1587700749142849,0.015554159556686575,7
0.24000000000000002,4.660382135528214,7.390787864076479,4.660644872406547,7.401120139005088,1.0335614924502243,0.34405751747225194,8
0.28,4.700381488667571,7.39063264738209,4.700622322233104,7.40010356226437,0.947397643619996,0.6647502808816372,9
0.32,4.74038085006721,7.390406621673235,4.740601579736078,7.399086939556693,0.8683123870163505,0.8683123870163505,9
0.36,4.780380211466849,7.390180595964379,4.78058083723905,7.398070316849015,0.789227130412614,0.789227130412614,10
0.39999999999999997,4.820379572866489,7.389954570255523,4.820560094742024,7.397053694141338,0.7101418738089684,0.7101418738089684,11
0.43999999999999995,4.860378809772264,7.389707591583091,4.860539760295038,7.396037061057457,0.633151552929485,0.633151552929485,11
0.4799999999999999,4.900377923882196,7.389444943781897,4.900519701320503,7.395020420968654,0.5577279507256361,0.5577279507256361,12
0.5199999999999999,4.940375884629545,7.389041042737635,4.940502079301581,7.394003718911106,0.49642804008220565,0.49642804008220565,13
0.5599999999999999,4.980373845376894,7.388637141693374,4.980484457282658,7.392987016853558,0.4351281294387729,0.4351281294387729,13
0.6,5.020371806124242,7.388233240649113,5.020466835263734,7.391970314796011,0.3738282187953403,0.3738282187953403,14
0.64,5.060369841614465,7.3878384081799755,5.060449057485835,7.39095361669922,0.3116215536937699,0.3116215536937699,14
0.68,5.1003690260335945,7.387582975596969,5.100428885419617,7.3899369794861975,0.2354764841040346,0.2354764841040346,15
0.7200000000000001,5.140368210452724,7.387327543013961,5.140408713353398,7.388920342273176,0.15933141451447683,0.15933141451447683,15
0.7600000000000001,5.180367394871854,7.387072110430954,5.180388541287181,7.387903705060154,0.0831863449248325,0.0831863449248325,16
0.8000000000000002,5.220359772958618,7.386339686540001,5.2203736887435515,7.3868869325782995,0.0547422940242226,0.0547422940242226,16
0.8400000000000002,5.260349960195235,7.385453726732603,5.260360548469648,7.38587011655556,0.04165244245141341,0.04165244245141341,17
0.8800000000000002,5.300340147431852,7.384567766925205,5.300347408195744,7.3848533005328205,0.028562590878693016,0.028562590878693016,18
0.9200000000000003,5.340330334668469,7.3836818071178065,5.34033426792184,7.383836484510081,0.015472739305881587,0.015472739305881587,18
0.9600000000000003,5.380320521905086,7.382795847310407,5.380321127647936,7.3828196684873415,0.002382887733249987,0.002382887733249987,19
1.0000000000000002,5.420310709141702,7.381909887503009,5.420307987374032,7.3818028524646015,0.010706963839561448,0.010706963839561448,19
1.0400000000000003,5.460300896378319,7.381023927695611,5.460294847100128,7.380786036441862,0.02379681541237063,0.02379681541237063,20
1.0800000000000003,5.5002951631199695,7.380400594745431,5.500279109736822,7.37976928645987,0.06315123613433418,0.06315123613433418,20
1.1200000000000003,5.540293574076405,7.38004405448111,5.5402607340886725,7.378752603566174,0.12918683874461487,0.12918683874461487,21
1.1600000000000004,5.580291985032841,7.379687514216788,5.580242358440523,7.37773592067248,0.19522244135471795,0.19522244135471795,21
1.2000000000000004,5.620290395989277,7.379330973952467,5.620223982792372,7.376719237778784,0.26125804396508967,0.26125804396508967,22
1.2400000000000004,5.660286790953864,7.3788234987403865,5.660207428062599,7.375702508581402,0.3121999045641405,0.3121999045641405,23
1.2800000000000005,5.700280455621065,7.378111609361659,5.700193339438378,7.37468571667403,0.3427000136626761,0.3427000136626761,23
1.3200000000000005,5.740274120288265,7.377399719982932,5.7401792508141565,7.373668924766657,0.373200122761214,0.373200122761214,24
1.3600000000000005,5.780267784955465,7.376687830604205,5.780165162189935,7.372652132859285,0.4037002318597518,0.4037002318597518,24
1.4000000000000006,5.820244893849652,7.375401564280065,5.820149124742949,7.371635390508047,0.37673912197753345,0.37673912197753345,25
1.4400000000000006,5.860213163680883,7.373808640333999,5.860132046827055,7.370618674614637,0.31909969029560137,0.31909969029560137,25
1.4800000000000006,5.900181433512113,7.372215716387931,5.9001149689111605,7.369601958721227,0.26146025861366934,0.26146025861366934,26
1.5200000000000007,5.940149323066865,7.37061384003884,5.94009773846587,7.36858524670645,0.2029249092466279,0.2029249092466279,26
1.5600000000000007,5.980108702941802,7.368811630281236,5.980077094776823,7.367568621486209,0.12434106082099285,0.12434106082099285,27
1.6000000000000008,6.02006808281674,7.367009420523632,6.020056451087778,7.366551996265968,0.045757212395266825,0.045757212395266825,27
1.6400000000000008,6.060027462691679,7.365207210766028,6.060035807398733,7.365535371045726,0.032826636030459225,0.032826636030459225,28
1.6800000000000008,6.098697382792521,7.358061681119873,6.098862323354452,7.364548061119382,0.6488476777102627,0.6488476777102627,29
1.7200000000000009,6.1350806782631775,7.341440736179981,6.1356444846091485,7.363612736585998,2.2179167694035966,2.2179167694035966,29
1.760000000000001,6.171463973733834,7.32481979124009,6.173874089156895,7.362354921056321,3.7612426492766584,3.7612426492766584,30
1.800000000000001,6.207847269204491,7.3081988463002,6.211170839022452,7.359960111912963,5.186785839197467,5.131195104674751,30
1.840000000000001,6.2442305646751475,7.291577901360308,6.2512985825206915,7.356670246948454,6.547495956800206,3.9110802742736657,31
1.880000000000001,6.280613860145804,7.274956956420417,6.289041641661223,7.352571936876197,7.807120270895522,2.7018500433121337,31
1.920000000000001,6.316997155616461,7.258336011480526,6.331055216768378,7.346421398726434,8.920013749772314,1.6202290278258646,32
1.960000000000001,6.356578777943125,7.256295671231458,6.374577926230016,7.338651917332224,8.43001815588998,2.048884067349135,33
2.000000000000001,6.396578553309107,7.256161616500113,6.4127821695080165,7.330302291499256,7.58906902541425,2.830949423217843,33
2.040000000000001,6.436578328675089,7.256027561768769,6.454550688629041,7.318622733652867,6.512419877061217,3.648097381350261,34
2.080000000000001,6.476578104041071,7.255893507037425,6.494671848013035,7.305133868359342,5.245947725660238,4.606681150708024,35
2.120000000000001,6.5165776651206055,7.255708713027619,6.532430391141276,7.289991840525958,3.7770911471048487,3.208056199443219,36
2.160000000000001,6.556577145911525,7.255504908079562,6.566396271144709,7.27414121310455,2.1064830531702294,1.6425867036373296,37
2.200000000000001,6.596576626702445,7.2553011031315044,6.597788515276061,7.257601218933866,0.259984742227964,0.03029472776516496,37
2.240000000000001,6.636576107493365,7.255097298183448,6.629180759407414,7.241061224763181,1.5865135687144583,1.5865135687144583,38
2.280000000000001,6.6765170170559625,7.253039062435587,6.6612919227207925,7.224142445341268,3.266217961206011,3.266217961206011,39
2.320000000000001,6.716449633392326,7.250718253840984,6.693504879347905,7.20717003290068,4.922305643927958,4.922305643927958,40
2.360000000000001,6.755581053825956,7.24513440387446,6.7264363999952375,7.189819022337066,6.252361379143003,6.252361379143003,40
2.4000000000000012,6.79204740121212,7.228696474920007,6.761758129574783,7.17120865479215,6.497914618839738,6.497914618839738,41
2.4400000000000013,6.828513748598283,7.212258545965554,6.79707985915433,7.152598287247235,6.743467858536434,6.743467858536434,42
2.4800000000000013,6.864980095984447,7.195820617011101,6.832401588733877,7.133987919702319,6.9890210982332475,6.9890210982332475,43
2.5200000000000014,6.9014219412186115,7.179331049075845,6.867725435928719,7.115376436424979,7.228863636889309,7.228863636889309,44
2.5600000000000014,6.937218294441229,7.161481088404695,6.903105070213516,7.096735559959347,7.318261761427807,7.318261761427807,44
2.6000000000000014,6.973014647663848,7.1436311277335465,6.938484704498313,7.078094683493715,7.407659885966425,7.407659885966425,45
2.6400000000000015,7.008811000886466,7.125781167062398,6.97386433878311,7.059453807028084,7.497058010504923,7.497058010504923,46
2.6800000000000015,7.043705302807688,7.106324836940779,7.009200387675165,7.040835894901633,7.402290657431135,7.402290657431135,47
2.7200000000000015,7.077579341484762,7.085051626000631,7.044487139399612,7.022243956543144,7.0992233247908025,7.0992233247908025,48
2.7600000000000016,7.111453380161837,7.063778415060482,7.079773891124059,7.003652018184655,6.7961559921503545,6.7961559921503545,49
2.8000000000000016,7.145327418838912,7.042505204120333,7.115060642848507,6.985060079826166,6.4930886595099855,6.4930886595099855,49
2.8400000000000016,7.179201457515987,7.021231993180185,7.150347394572954,6.9664681414676775,6.1900213268696165,6.1900213268696165,50
2.8800000000000017,7.211379229288117,6.997495929757643,7.18532212839048,6.948040599586867,5.589993013850857,5.589993013850857,51
2.9200000000000017,7.243331230115551,6.9734320638354,7.220255333025658,6.929634938665923,4.9504395760520055,4.9504395760520055,52
2.9600000000000017,7.275283230942985,6.949368197913157,7.255188537660836,6.911229277744979,4.310886138253112,4.310886138253112,53
3.0000000000000018,7.3072352317704174,6.9253043319909136,7.290121742296013,6.892823616824035,3.6713327004541814,3.6713327004541814,53
3.040000000000002,7.339442674922138,6.901583737369459,7.325113321044324,6.874387199660024,3.074056027362439,3.074056027362439,54
3.080000000000002,7.371669645957596,6.877889384922521,7.3601093623377425,6.85594843126334,2.4800113000665243,2.4800113000665243,55
3.120000000000002,7.404201524844143,6.854626933991163,7.3951659442228825,6.837477765145997,1.938390335415734,1.938390335415734,56
3.160000000000002,7.43731727553854,6.832191536603407,7.428582255648654,6.818846456037445,1.5949662936523785,1.522234899944581,57
3.200000000000002,7.4704330262329375,6.809756139215651,7.460672632128737,6.797684529063017,1.5523822491464285,1.0786415906761249,58
3.240000000000002,7.503548776927334,6.787320741827894,7.491666457581268,6.7726247443790735,1.8898726254899325,0.8328878939328364,58
3.280000000000002,7.536521629166973,6.764676174222461,7.518409142750464,6.746543276718778,2.5629360820498786,0.5848060117469152,59
3.320000000000002,7.569462029944662,6.741984105198125,7.541685492686738,6.719609682650724,3.5667223137925226,0.537681816346209,60
3.360000000000002,7.602402430722352,6.719292036173789,7.561285164484628,6.692986116433306,4.8812201305170975,0.5129660395999315,61
3.400000000000002,7.63534283150004,6.696599967149453,7.577911734958099,6.666998082883355,6.461116313852585,0.7148215317556181,61
3.440000000000002,7.668283232277729,6.673907898125117,7.59305070449776,6.636528378006501,8.400691495622139,0.9380758910948732,62
3.480000000000002,7.696823832955011,6.645915119355489,7.603612690419823,6.611269798519766,9.944151722759132,0.704045165356392,63
3.5200000000000022,7.7251939841332025,6.617716989592566,7.613504875540512,6.584655472110692,11.647970173568483,0.485981711281639,63
3.5600000000000023,7.748969117367516,6.58577168001811,7.621844886626217,6.552647812236919,13.136879636486315,0.11415114339761437,64
3.6000000000000023,7.770882975610429,6.552308523907104,7.626921210965078,6.529175270864913,14.580856310970772,0.8742045522643307,65
3.6400000000000023,7.792796833853343,6.518845367796099,7.63271466488523,6.493121722831027,16.21357663559289,1.4608450555192893,65
3.6800000000000024,7.811788823944552,6.484024165104033,7.637916154403043,6.458195914354945,17.578055566600206,2.227566057712362,66
3.7200000000000024,7.8232413761829935,6.445698729069648,7.643733624932703,6.419033404249346,18.147747052102204,3.6780456418916843,67
3.7600000000000025,7.834693928421436,6.407373293035263,7.649551095462363,6.379870894143747,18.717438537604274,4.956615246287685,68
3.8000000000000025,7.846146480659878,6.3690478570008775,7.655368565992024,6.340708384038146,19.287130023106183,6.154996155498224,69
3.8400000000000025,7.857599032898321,6.3307224209664925,7.661186036521684,6.301545873932547,19.856821508608267,7.106671022898185,69
3.8800000000000026,7.863809840405358,6.291321059080812,7.667046713789499,6.262092501275782,19.892218726680674,8.482489263617454,70
3.9200000000000026,7.868380665584373,6.251583072755598,7.672920909130142,6.222548126582813,19.76045153644106,9.828335883158573,71
3.9600000000000026,7.864286756339596,6.211968337946891,7.678590121360973,6.184383673467205,18.773426420566114,11.805687452945499,72
4.000000000000003,7.8585875031828,6.172376438352975,7.684221355695273,6.146474882971463,17.627944849251037,13.830311663507771,73
4.040000000000003,7.852888250026004,6.132784538759059,7.689852590029575,6.1085660924757255,16.48246327793578,15.633796346639862,74
4.080000000000003,7.8471889968692095,6.093192639165142,7.695483824363875,6.070657301979985,15.336981706620751,15.336981706620751,74
4.120000000000003,7.835569936887001,6.05492839362012,7.699618197091436,6.038552133614256,13.693450056585757,13.693450056585757,75
4.160000000000003,7.823814978345035,6.016694626480631,7.703126609115503,6.006219949591166,12.114207082274296,12.114207082274296,76
4.200000000000003,7.812060019803068,5.978460859341142,7.705745937656401,5.973640504309734,10.642330517944455,10.642330517944455,77
4.240000000000003,7.799986288615639,5.940354668570308,7.707063687978808,5.9410437352621885,9.292515548557228,9.292515548557228,78
4.280000000000003,7.782117355877767,5.904567782105997,7.706589267426993,5.9104179995212505,7.575432125518443,7.575432125518443,79
4.320000000000003,7.764161076794153,5.868838206385966,7.703336424203475,5.8795334647485475,6.175780852830677,6.175780852830677,80
4.360000000000003,7.73844599700713,5.8381994291331605,7.696218827149963,5.8519452371845535,4.440811990088947,3.5325965330114824,81
4.400000000000003,7.712228981065038,5.808186679476059,7.687079574745995,5.836843448424618,3.81274578849871,0.3562281948887431,83
4.440000000000003,7.676732617038257,5.789747369812237,7.66936879934953,5.8272490246403015,3.821779593064075,3.821779593064075,84
4.480000000000003,7.6408491693741105,5.7729314837407895,7.657332422520046,5.828570094986989,5.802889535118436,5.802889535118436,85
4.520000000000003,7.600851576105544,5.773370269249141,7.6429778957805965,5.834922730219084,7.458774873141734,7.458774873141734,87
4.560000000000003,7.560853982836979,5.773809054757493,7.626181448697345,5.846909159731382,9.803725385245626,9.803725385245626,88
4.600000000000003,7.526342108837672,5.793707273669858,7.604903354487135,5.8671415425154345,10.753818465493884,10.753818465493884,89
4.640000000000003,7.513353205147768,5.8164332368093765,7.592172309028168,5.880975607364393,10.187329745016797,10.187329745016797,90
4.680000000000003,7.542761686679108,5.843546724486561,7.590686156552545,5.882790495868657,6.194213755546536,6.194213755546536,90
4.720000000000003,7.578372172255892,5.861557525149918,7.59531733489007,5.877396831390841,2.319530467341356,2.319530467341356,89
4.760000000000003,7.614873015033811,5.877753381703012,7.604258419975551,5.867831504564338,1.4529737582137434,1.4529737582137434,89
4.800000000000003,7.652869222693759,5.890254909748097,7.619482485837825,5.85289583058037,5.010364252375185,0.29183103502345065,88
4.840000000000003,7.690865430353708,5.902756437793182,7.643710118067336,5.834421599482176,8.302574060986545,1.5085206183255273,87
4.8800000000000034,7.726424348596229,5.920065213965481,7.643710118067336,5.834421599482176,11.90649933177333,1.9515690077805372,87
4.9200000000000035,7.758965425722169,5.943326303782676,7.643710118067336,5.834421599482176,15.856866197767378,5.188338487626221,87
4.9600000000000035,7.79150650284811,5.9665873935998714,7.643710118067336,5.834421599482176,19.82714515229757,8.535308370401104,87
5.0000000000000036,7.798560342675966,6.003319662687712,7.643710118067336,5.834421599482176,22.914001792773895,9.482553853240564,87
5.040000000000004,7.7677742945454265,6.024623399524584,7.60228930001984,5.869938103009257,22.652334177997684,6.6008294091670345,89
5.080000000000004,7.732342532083591,6.043186540660933,7.562978691341328,5.9180712751102735,21.056576223304315,3.304371441753294,91
5.120000000000004,7.695799149796852,6.059195404052425,7.5388848904992445,5.952260266784555,18.988735701308578,0.1322870125824539,92
5.160000000000004,7.658067155376359,6.072473076930299,7.52073970610076,5.978886109724977,16.618468267332055,3.6743755912127565,93
5.200000000000004,7.620335160955865,6.085750749808172,7.502594521702275,6.005511952665398,14.248200833355487,7.211526505888701,94
5.240000000000004,7.583085927156952,6.1003058220274955,7.484007986337345,6.032785424268947,11.989763329826864,6.498257102968698,95
5.280000000000004,7.546003529428323,6.115302347581631,7.465268925564238,6.060282708288692,9.769972860257056,4.3940758190529055,95
5.320000000000004,7.510087242578131,6.132734625393452,7.445766177184597,6.088900610640032,7.783713961061533,2.5279464213491423,96
5.360000000000004,7.475152113160916,6.152216327901251,7.425620867462395,6.118461393317682,5.993946870959296,0.8621121944650905,97
5.400000000000004,7.4402169837437,6.1716980304090505,7.405475557740193,6.148022175995332,4.204179780857108,0.8037220324190331,98
5.440000000000004,7.405989437544976,6.192247855597254,7.385057586285534,6.177983056478815,2.533035513049242,2.349340333030978,99
5.480000000000004,7.374425637105716,6.2168187021807695,7.3636131609599795,6.209450132708335,1.3084550296904078,1.3084550296904078,100
5.520000000000004,7.342861836666457,6.2413895487642845,7.3421687356344245,6.240917208937855,0.08387454633177087,0.08387454633177087,101
5.560000000000004,7.314000908821019,6.268962834343956,7.3201842744098204,6.273176721921641,0.7482703957937819,0.7482703957937819,102
5.600000000000004,7.286259669114885,6.29777990601279,7.297976098685189,6.305764508623147,1.4178455512545114,1.4178455512545114,103
5.640000000000004,7.268460181419066,6.330988354111391,7.27687725489697,6.3367244861352265,1.0185790913194108,1.0185790913194108,104
5.680000000000004,7.26584208333967,6.370902581680601,7.257472398277525,6.365198744279106,1.0128444556899736,1.0128444556899736,105
5.720000000000004,7.249677814054446,6.405841752720496,7.236086732592764,6.39657959790914,1.6447036421423284,1.6447036421423284,106
5.760000000000004,7.225839825241161,6.437962622717084,7.2135789658379,6.429606997873435,1.4837288830319766,1.4837288830319766,107
5.800000000000004,7.202001836427876,6.4700834927136714,7.191071199083036,6.462634397837731,1.322754123921649,1.322754123921649,108
5.840000000000004,7.177139106798954,6.501397782661051,7.168613799270332,6.495587890463206,1.0316768670865994,1.0316768670865994,109
5.880000000000004,7.151517208336768,6.532114525964882,7.146193713295558,6.528486629586792,0.644214495210684,0.644214495210684,110
5.920000000000004,7.125895309874583,6.562831269268713,7.123773627320784,6.5613853687103765,0.2567521233348184,0.2567521233348184,111
5.960000000000004,7.102371836025671,6.595135570653719,7.101280243359437,6.594391663681039,0.13209739334967519,0.13209739334967519,112
6.000000000000004,7.079781322152625,6.6281457006587905,7.078754271099538,6.627445778001445,0.12428699014425373,0.12428699014425373,113
6.0400000000000045,7.056950766963127,6.660977938889225,7.056234956571272,6.660490122913459,0.08662268428653662,0.08662268428653662,114
6.0800000000000045,7.031942375269531,6.692196208298333,7.033776046023431,6.693445832358314,0.2218988221012364,0.2218988221012364,115
6.1200000000000045,7.006933983575934,6.723414477707442,7.011317135475591,6.72640154180317,0.5304203284892063,0.5304203284892063,116
6.160000000000005,6.982252637315923,6.754886970767767,6.98884363759783,6.759378656373863,0.7975996759033429,0.7975996759033429,117
6.200000000000005,6.958168489318602,6.786823686554508,6.966343502662366,6.792394857574881,0.9892865596426504,0.9892865596426504,118
6.240000000000005,6.934084341321281,6.818760402341251,6.9438433677269025,6.8254110587759005,1.1809734433820318,1.1809734433820318,119
6.280000000000005,6.9100001933239605,6.850697118127993,6.92134323279144,6.85842725997692,1.3726603271214628,1.3726603271214628,120
6.320000000000005,6.885940497430171,6.882652186173357,6.898842312115409,6.891444614156296,1.5612930923033521,1.5612930923033521,121
6.360000000000005,6.862002700017607,6.914698743789348,6.8763374743701755,6.924467716156534,1.7347004838008884,1.7347004838008884,122
6.400000000000005,6.838064902605042,6.94674530140534,6.853832636624942,6.9574908181567725,1.9081078752984977,1.9081078752984977,123
6.440000000000005,6.815506657159853,6.979710917660543,6.829866587643335,6.992043485272806,1.8928809455469442,1.8928809455469442,124
6.480000000000005,6.795154276813648,7.014146083033217,6.803251199701886,7.022693972321585,1.1773978577535882,1.1773978577535882,125
6.520000000000005,6.774801896467443,7.048581248405891,6.775331672757954,7.049140531128649,0.07703636037375441,0.07703636037375441,125
6.560000000000005,6.752612640855908,7.08183159705187,6.7455500571885665,7.072814540906678,1.1453706368846426,0.3057753101169909,126
6.600000000000005,6.729634777305428,7.114573279761461,6.715772248946724,7.093390436430213,2.5315658081354866,1.1112604405628095,127
6.640000000000005,6.706656913754948,7.147314962471052,6.68685175547353,7.111309066080487,4.109341637586372,2.720919857964243,128
6.680000000000005,6.683551083787257,7.1799611138641035,6.655326914705637,7.1286494054080265,5.856189157659868,2.79691458655359,128
6.720000000000005,6.658691871496554,7.211298305255257,6.6266981375651826,7.142250209186155,7.61001877897767,1.1662901437731001,129
6.760000000000005,6.633832659205851,7.24263549664641,6.599536681774979,7.15465588867082,9.442788511598387,0.3561205849165805,130
6.800000000000005,6.606906291247749,7.272077296266653,6.566199262603716,7.167651392990621,11.20795764447808,1.7057302042497064,130
6.840000000000005,6.577837735557533,7.299554906608253,6.538155356610987,7.177951592501756,12.791425722154894,2.7817100877465992,131
6.880000000000005,6.548769179867317,7.327032516949854,6.503780655709281,7.189168966940755,14.50183634131535,4.047783106374169,131
6.920000000000005,6.5197006241771005,7.354510127291453,6.477113145049777,7.19716126381495,16.301030094987116,5.497899043633532,132
6.960000000000005,6.486290997717974,7.376448896184044,6.440451309004188,7.207084024887794,17.545864666801748,6.4339936953261345,132
7.000000000000005,6.452663345054217,7.398109481963882,6.411951829596746,7.2140382421667635,18.851962447260533,7.5879116338279635,133
7.040000000000005,6.41903569239046,7.419770067743719,6.375325128840296,7.222139064954972,20.240708146988933,8.873988342394028,133
7.080000000000005,6.385408039726702,7.441430653523557,6.347652056057311,7.227690428271192,21.704929899397275,10.272105647174167,134
7.120000000000005,6.349043633098101,7.457330943204258,6.309664294056978,7.234400748333912,22.638154546748275,11.111893958457566,134
7.1600000000000055,6.311009704926586,7.469717238366412,6.279645972849712,7.239311384523998,23.253073167786166,11.610299510071162,135
7.2000000000000055,6.27297577675507,7.482103533528567,6.240648584497982,7.244619859198423,23.96738261316253,12.15930084253911,135
7.2400000000000055,6.234941848583555,7.494489828690721,6.210629612026956,7.248580798078817,24.710794439449025,12.896027644344368,136
7.280000000000006,6.196907920412039,7.506876123852876,6.171751114017419,7.252424590387791,25.5692095675071,13.698697667626014,136
7.320000000000006,6.158649928597184,7.518329650395633,6.134510562181768,7.256106444215906,26.333195565694904,14.572605094197058,136
7.360000000000006,6.119139779296396,7.52457049186369,6.095716065632229,7.259535084899544,26.606848236210055,15.008480648466918,137
7.400000000000006,6.079629629995607,7.530811333331746,6.055964848149531,7.263048280161952,26.880676059696203,15.444356202736689,137
7.440000000000006,6.04006195097921,7.536259963815331,6.016226019444397,7.266560380509603,27.07508390890336,15.800826898584722,138
7.480000000000006,6.000064678087346,7.5357928865050425,5.976579701938202,7.270064304757843,26.676435905514857,15.564354617064124,138
7.520000000000006,5.960067405195483,7.535325809194755,5.936933384432007,7.273568229006082,26.27778790212652,15.32788233554353,139
7.560000000000006,5.920070132303619,7.534858731884467,5.897287066925811,7.277072153254322,25.879139898738014,15.091410054022928,139
7.600000000000006,5.880072859411755,7.534391654574179,5.857640749419616,7.280576077502562,25.480491895349594,14.854937772502423,140
7.640000000000006,5.840670538249938,7.527507694310674,5.819147498418249,7.28397809423605,24.447884848408155,13.980323707645379,140
7.680000000000006,5.801269193788411,7.5206131997951875,5.780656140344211,7.287379943673447,23.414237064965963,13.104662039708478,141
7.720000000000006,5.761867849326883,7.513718705279701,5.742164782270173,7.290781793110844,22.380589281523875,12.229000371771576,141
7.760000000000006,5.7224665048653565,7.506824210764215,5.703673424196136,7.294183642548241,21.346941498081687,11.353338703834769,142
7.800000000000006,5.683135738329145,7.499589526649968,5.665281929825643,7.297576666075076,20.280028184332117,10.444031352060131,142
7.840000000000006,5.644243575890345,7.4902407459362115,5.627511035017421,7.3009148412832925,19.006387372857112,9.325634051478634,143
7.880000000000006,5.605351413451543,7.480891965222454,5.589740140209199,7.304253016491509,17.732746561382008,8.207236750896959,143
7.920000000000006,5.566459251012742,7.471543184508697,5.551969245400977,7.307591191699725,16.459105749907,7.088839450315371,144
7.960000000000006,5.527567088573941,7.462194403794939,5.514198350592755,7.310929366907941,15.185464938431895,5.970442149733695,144
8.000000000000005,5.488622458296735,7.453068162292547,5.476355879109333,7.314273868031491,13.933529733841851,4.874024696429043,145
8.040000000000004,5.449650238835563,7.444058938670607,5.4384757704348266,7.317621695513572,12.693007996999873,3.789164914804679,145
8.080000000000004,5.410678019374391,7.435049715048667,5.400595661760321,7.320969522995654,11.452486260157798,2.704305133180408,146
8.120000000000003,5.371705799913218,7.4260404914267255,5.362715553085815,7.324317350477735,10.211964523315727,1.619445351556045,146
8.160000000000002,5.332618848790744,7.41757670676976,5.3246737699231,7.327679466680565,9.024764846724546,0.5885235213296435,147
8.200000000000001,5.293319693122152,7.4101217511202835,5.286332958044161,7.331068010910904,7.936188195942709,0.3426361476490389,147
8.24,5.25402053745356,7.402666795470806,5.247992146165222,7.3344565551412435,6.847611545160784,1.2737958166278145,147
8.28,5.214721381784967,7.395211839821328,5.209651334286282,7.337845099371583,5.759034894378868,0.817853233909295,148
8.319999999999999,5.175422226116375,7.38775688417185,5.171310522407343,7.341233643601922,4.670458243596942,0.027301983951831723,148
8.359999999999998,5.135669492594152,7.3835960761491775,5.13223076917632,7.344687495146647,3.906024186272841,0.5443019100961175,149
8.399999999999997,5.095817985867014,7.380152616903482,5.092990100669107,7.348155568313293,3.212176914765862,0.9898412267473403,149
8.439999999999996,5.055966479139876,7.376709157657787,5.053749432161895,7.3516236414799385,2.5183296432589635,1.4353805433984745,150
8.479999999999995,5.016114972412737,7.373265698412092,5.014508763654682,7.355091714646584,1.8244823717519847,1.5876626596962393,150
8.519999999999994,4.97619873123842,7.370969448754226,4.975103258348857,7.358574356017593,1.2443407282633856,1.0233890051343812,151
8.559999999999993,4.936212820779522,7.369907862783633,4.935520350402977,7.362072676156551,0.7865727220264365,0.5815594202210402,151
8.599999999999993,4.896226910320625,7.36884627681304,4.895937442457099,7.365570996295507,0.3288047157894799,0.13972983530761826,152
8.639999999999992,4.856240999861727,7.367784690842446,4.856354534511221,7.369069316434465,0.12896329044755753,0.12896329044755753,152
8.67999999999999,4.81625508940283,7.366723104871852,4.816790810162709,7.372628483269993,0.5929628214128702,0.5929628214128702,153
8.71999999999999,4.776272798608895,7.3662494469764015,4.777177492231999,7.376222101722931,1.0013606405544346,1.0013606405544346,153
8.75999999999999,4.736302990432412,7.367803291992832,4.737431549149839,7.379904569915669,1.2153788386524846,1.2153788386524846,154
8.799999999999988,4.696333182255929,7.3693571370092625,4.697662712830674,7.383613390355635,1.4318114786002671,1.4318114786002671,154
8.839999999999987,4.6563633740794454,7.370910982025694,4.657949704700353,7.387425080089916,1.6590113915027318,1.6590113915027318,155
8.879999999999987,4.616399751250961,7.372558811754018,4.618256166083298,7.391275489267426,1.8808516506375914,1.8420321903889272,156
8.919999999999986,4.576571046696983,7.37625668865189,4.578452265283254,7.395223441663204,1.9059819074732587,1.8082780765312185,156
8.959999999999985,4.536742342143005,7.379954565549762,4.5387265579507785,7.399269930586723,1.9417014159825177,1.7745239626736058,157
8.999999999999984,4.496913637589026,7.383652442447635,4.499023005985484,7.403401577594024,1.986146454978388,1.7407698488158971,158
9.039999999999983,4.4570849330350475,7.387350319345506,4.459349507890279,7.40764254448672,2.0418195328105,1.7070157349581887,159
9.079999999999982,4.417243228480208,7.390893867013151,4.419607305227078,7.412077700918125,2.1315339025655313,1.8533038205822174,159
9.119999999999981,4.377357164608101,7.39391080400125,4.380029424454834,7.416683653560124,2.2929100499574693,2.2929100499574693,160
9.15999999999998,4.3374711007359945,7.396927740989347,4.340532190696175,7.421531097080733,2.479305150044746,2.479305150044746,161
9.19999999999998,4.297707589043664,7.401164166926046,4.301117163894634,7.4267219927354775,2.578425218558061,2.578425218558061,162
9.239999999999979,4.258018794046398,7.406144081751122,4.262289108044886,7.432519962375978,2.671933121135997,2.671933121135997,164
9.279999999999978,4.218329999049134,7.411123996576198,4.224819531923124,7.439443178453698,2.9053228721322837,2.9053228721322837,166
9.319999999999977,4.178585359018499,7.415618828279932,4.204270509199597,7.4464661694718455,4.0140819603439555,4.0140819603439555,168
9.359999999999976,4.138805325100447,7.419807493318403,4.204270509199597,7.4464661694718455,7.068504327925276,7.068504327925276,168
9.399999999999975,4.133492658832456,7.400530629370151,4.204270509199597,7.4464661694718455,8.437759149814509,8.437759149814509,168
9.439999999999975,4.171999395130706,7.394354257202481,4.204270509199597,7.4464661694718455,6.12949932997571,6.12949932997571,168
9.479999999999974,4.211792902259083,7.396088596601675,4.221882149441848,7.440116299600283,4.516892228123807,4.516892228123807,166
9.519999999999973,4.251244920688587,7.402672295931032,4.249323490996372,7.453448588767516,5.08126343174469,3.122909882554202,173
9.559999999999972,4.290048083838361,7.412383862723883,4.289994758598085,7.454109087508363,4.172525885955252,1.577087232147966,175
9.599999999999971,4.328882457194229,7.4219677207179275,4.329187873028275,7.453952833902669,3.198657131160507,0.10409846334840651,176
9.63999999999997,4.367791069316955,7.431247801681109,4.368186106389754,7.45338307123491,2.2138794287592036,1.3007895497812483,177
9.67999999999997,4.407270475268775,7.437545098616341,4.407636559217204,7.4525193939323175,1.4978769564532874,1.4978769564532874,178
9.719999999999969,4.446856365440521,7.443285943441832,4.447100042430272,7.4514474832975255,0.81651767458771,0.81651767458771,179
9.759999999999968,4.4867183631052,7.445262697841576,4.48688853525904,7.450209713576556,0.4949941741483687,0.4949941741483687,180
9.799999999999967,4.526718245458823,7.445359711738815,4.526837808945862,7.448835500452556,0.3477844535053043,0.3477844535053043,180
9.839999999999966,4.566718127812446,7.445456725636054,4.5667892999814805,7.4473153603089095,0.18599968614984816,0.18599968614984816,181
9.879999999999965,4.606718010166069,7.445553739533294,4.606724978098928,7.445720872457866,0.016727811143223206,0.016727811143223206,182
9.919999999999964,4.646717892519692,7.445650753430533,4.6466514182451375,7.444056300650982,0.15958378662615408,0.15958378662615408,182
9.959999999999964,4.6867177748733155,7.445747767327772,4.6865629159579685,7.442283694806479,0.34675322228409694,0.34675322228409694,183
9.999999999999963,4.726658895373288,7.443761422669714,4.726503110325614,7.440475864894984,0.32892489829996663,0.32892489829996663,184
10.039999999999962,4.766589716899603,7.441409935431069,4.7664556069840085,7.438581513304366,0.2831599759196445,0.2831599759196445,184
10.079999999999961,4.806520538425918,7.439058448192423,4.806407805633519,7.436685678870116,0.23754458401237466,0.23754458401237466,185
10.11999999999996,4.846451359952233,7.436706960953778,4.8463601643148975,7.434787499845834,0.19216262875955023,0.19216262875955023,185
10.15999999999996,4.886382181478548,7.434355473715133,4.886312522996275,7.432889320821551,0.1467806735068145,0.1467806735068145,186
10.199999999999958,4.926313003004863,7.432003986476488,4.926264881677652,7.430991141797269,0.10139871825399427,0.10139871825399427,186
10.239999999999958,4.966243824531178,7.429652499237842,4.96621724035903,7.4290929627729865,0.056016763001081105,0.056016763001081105,187
10.279999999999957,5.0061756249000355,7.427317894778654,5.006169775366134,7.427194775371281,0.012325828783004436,0.012325828783004436,187
10.319999999999956,5.046110647117553,7.425038859788506,5.046122890747283,7.425296560395388,0.02579912968617937,0.02579912968617937,188
10.359999999999955,5.08604566933507,7.422759824798358,5.086076006128431,7.423398345419495,0.06392408815536317,0.06392408815536317,189
10.399999999999954,5.125980691552588,7.42048078980821,5.126029121509581,7.421500130443603,0.10204904662446249,0.10204904662446249,189
10.439999999999953,5.16589218783987,7.417845602418244,5.16597564701488,7.419602228559715,0.17586076409461443,0.17586076409461443,190
10.479999999999952,5.205780000580204,7.41485187651363,5.2059155384941285,7.417704641865456,0.28559833120470246,0.28559833120470246,190
10.519999999999952,5.245667813320539,7.411858150609017,5.245855429973378,7.415807055171197,0.395335898314706,0.395335898314706,191
10.55999999999995,5.285555626060873,7.4088644247044035,5.2857953214526265,7.413909468476939,0.5050734654248827,0.5050734654248827,191
10.59999999999995,5.325443438801207,7.40587069879979,5.325735212931875,7.41201188178268,0.6148110325349707,0.6148110325349707,192
10.639999999999949,5.365352316585264,7.403188520088145,5.365681353410708,7.41011399819181,0.6933290142265851,0.6933290142265851,192
10.679999999999948,5.405280074383688,7.400785572483559,5.405633094694527,7.408215848500742,0.7438657475068022,0.7438657475068022,193
10.719999999999947,5.443770514008467,7.410976389073731,5.44355375943384,7.406414197415031,0.4567337876305773,0.4567337876305773,193
10.759999999999946,5.482295837877318,7.421726586840524,5.481482712912807,7.404612152522489,1.7133739645338721,1.7133739645338721,194
10.799999999999946,5.520924636107351,7.432110032670464,5.519532293236168,7.402804376520362,2.9338713350434356,2.9338713350434356,195
10.839999999999945,5.560598980689623,7.436971734763818,5.5588868181725735,7.400934601212711,3.607778395446533,3.607778395446533,195
10.879999999999944,5.600349805377388,7.441429529806494,5.598336797797769,7.399060290751341,4.241703216431267,4.241703216431267,196
10.919999999999943,5.640100630065153,7.44588732484917,5.6377867774229635,7.39718598028997,4.8756280374159155,4.8756280374159155,196
10.959999999999942,5.6800519433238295,7.445684777050671,5.677657713235832,7.395291669752711,5.044995144554586,5.044995144554586,197
10.999999999999941,5.720038744919672,7.444657305331047,5.717603162199514,7.3933938190164605,5.13213122621833,5.13213122621833,197
11.03999999999994,5.760025546515515,7.443629833611422,5.7575486111631955,7.39149596828021,5.219267307881985,5.219267307881985,198
11.07999999999994,5.799616436035035,7.437936834576406,5.797320204656203,7.389606377602153,4.838497442269926,4.838497442269926,198
11.119999999999939,5.839204594588504,7.432211653151742,5.837090598909743,7.387716843901237,4.454500003332196,4.454500003332196,199
11.159999999999938,5.8787927531419735,7.4264864717270775,5.876860993163282,7.385827310200322,4.070502564394294,4.070502564394294,199
11.199999999999937,5.91825199420188,7.420007080027417,5.916538512900782,7.383942189066375,3.610557267515669,3.610557267515669,200
11.239999999999936,5.957494165603628,7.412257758529652,5.956059651693454,7.3820644977573275,3.022731920339716,3.022731920339716,201
11.279999999999935,5.996736337005377,7.404508437031887,5.995580790486125,7.380186806448279,2.434906573163851,2.434906573163851,201
11.319999999999935,6.035978508407125,7.396759115534123,6.035101929278797,7.37830911513923,1.8470812259880707,1.8470812259880707,202
11.359999999999934,6.0751572375422205,7.38869683021172,6.074574604445752,7.376433726388549,1.2276936780116563,1.2276936780116563,202
11.399999999999933,6.114319330951427,7.380552480034546,6.114034571561191,7.3745589414109025,0.6000299421148546,0.6000299421148546,203
11.439999999999932,6.153481424360635,7.372408129857371,6.15349453867663,7.372684156433255,0.02763379378194702,0.02763379378194702,203
11.479999999999931,6.192643517769842,7.364263779680196,6.193228702129396,7.369429865629032,0.519912346125996,0.3107636399171882,204
11.51999999999993,6.2318458093735485,7.356345079168032,6.232819980724052,7.364945194402532,0.8655113625297799,0.22828002993345425,204
11.55999999999993,6.271411194900829,7.35046458020301,6.2728670679029825,7.358596843005535,0.8261553394352403,0.3998247618680628,205
11.599999999999929,6.310976580428109,7.344584081237988,6.312223832784211,7.3515510240454205,0.7077706586305665,0.4978776181745166,205
11.639999999999928,6.350541965955389,7.3387035822729665,6.351432999093733,7.342340667861311,0.3744640387349884,0.3744640387349884,206
11.679999999999927,6.39024018540008,7.333901392672978,6.389993373225319,7.332893936311118,0.1037248557801889,0.1037248557801889,206
11.719999999999926,6.430049852026172,7.330003900771843,6.427350150451542,7.321334091053418,0.9080417894885536,0.4177682990197707,207
11.759999999999925,6.469859518652263,7.32610640887071,6.463828698710577,7.309974995828311,1.7221883634304387,1.141784089898776,207
11.799999999999924,6.50965782378463,7.322117595626905,6.499895374786796,7.296324232747719,2.757903151041845,2.1110337615679375,208
11.839999999999923,6.549208903870152,7.316141638459343,6.53634185638197,7.282529718267775,3.5990583352141794,3.0777176844733494,208
11.879999999999923,6.588759983955674,7.310165681291781,6.5697569068159805,7.2676087820184865,4.660693742925463,4.229585768227069,209
11.919999999999922,6.628311064041196,7.304189724124218,6.604957693304776,7.251890454968183,5.727646531524246,5.544513260568298,209
11.959999999999921,6.666657188453677,7.2933426429459285,6.636903841732928,7.235659784631168,6.4904343340379365,6.372319038931984,210
11.99999999999992,6.704433103600365,7.280190447888442,6.672099622236976,7.2175054786373485,7.053268311277508,6.969609022322072,210
12.03999999999992,6.742209018747053,7.267038252830956,6.706633833108633,7.199420706866003,7.640501525116343,7.566899005712161,211
12.079999999999918,6.779026868925829,7.251883977264964,6.741714237687292,7.180964078673617,8.013653639975962,7.942403473798845,211
12.119999999999918,6.812967568886583,7.230717284415725,6.777018736064852,7.162389549448555,7.720749929241695,7.651867260844167,212
12.159999999999917,6.846908268847336,7.209550591566485,6.812323234442411,7.143815020223494,7.427846218507271,7.361331047889413,212
12.199999999999916,6.88084896880809,7.1883838987172455,6.84762773281997,7.125240490998432,7.134942507773048,7.070794834934698,213
12.239999999999915,6.914908902472311,7.167410427478209,6.882945996215085,7.106658719672997,6.864690362760729,6.802911106766612,213
12.279999999999914,6.949048453553237,7.146565978529081,6.9182734510980675,7.088072112489022,6.609563631910981,6.550153406459655,214
12.319999999999913,6.983188004634163,7.125721529579953,6.953600905981049,7.069485505305046,6.35443690106131,6.297395706152696,214
12.359999999999912,7.017327555715089,7.104877080630826,6.988928360864032,7.050898898121071,6.099310170211639,6.04463800584586,215
12.399999999999912,7.051467106796014,7.084032631681698,7.024255815747013,7.032312290937096,5.84418343936189,5.791880305538902,215
12.43999999999991,7.085363910884516,7.062795979620246,7.059554762239141,7.013740682689896,5.543044570201362,5.493108563310135,216
12.47999999999991,7.11924784243471,7.041538529568519,7.094852196970608,6.995169869815634,5.239465740787821,5.191896759882689,216
12.519999999999909,7.153139699164263,7.020293735718379,7.130150623593711,6.976598535083789,4.937375977263257,4.892174088595943,217
12.559999999999908,7.1870593377654854,6.999093308431119,7.165452527312394,6.958025370969955,4.6405061634156715,4.597671599233932,217
12.599999999999907,7.220978976366707,6.977892881143859,7.2007544310310765,6.939452206856122,4.343636349568047,4.303169109871922,218
12.639999999999906,7.254898614967929,6.956692453856598,7.236056334749758,6.920879042742288,4.0467665357203835,4.008666620509791,218
12.679999999999906,7.289322339679126,6.9364167525977285,7.271371996186647,6.902298640368441,3.8552048111458808,3.819473124440621,219
12.719999999999905,7.325336697972393,6.91901634086489,7.306748650405072,6.883686148253761,3.9921648541918415,3.9588054281900846,219
12.759999999999904,7.36115262584295,6.901205689254941,7.342138937431822,6.8650664835971025,4.083579964412352,4.052593721322085,220
12.799999999999903,7.397123871166834,6.883711754479134,7.3775203627032235,6.84645148131893,4.210255930529543,4.181642269890644,220
12.839999999999902,7.433134754242017,6.866298647342685,7.412899526412598,6.827837668901878,4.345930634435765,4.319689403008104,221
12.879999999999901,7.469145637317199,6.848885540206235,7.448278690121973,6.8092238564848255,4.481605338341946,4.481605338341946,221
12.9199999999999,7.505156520392382,6.831472433069787,7.480987422497432,6.791127283533532,4.703058987678569,4.703058987678569,222
12.9599999999999,7.541167403467564,6.8140593259333375,7.515164584251364,6.770653170097417,5.059882381679008,5.059882381679008,222
12.999999999999899,7.576300308232537,6.795214768502241,7.546366931752247,6.751182783093493,5.324305369291828,5.324305369291828,223
13.039999999999898,7.608144826791792,6.771008846959585,7.579400632747661,6.7287261484617815,5.112783276751334,5.112783276751334,223
13.079999999999897,7.639989345351046,6.7468029254169295,7.609630137073728,6.707378104284108,4.9759401609953064,4.9759401609953064,224
13.119999999999896,7.671833863910302,6.722597003874274,7.641321875564839,6.68297378076719,5.000981145922665,5.000981145922665,224
13.159999999999895,7.7036783824695565,6.698391082331618,7.670096586440271,6.659880241657985,5.109620214793339,5.109620214793339,225
13.199999999999894,7.730085762237106,6.66837954958823,7.699963501678234,6.633836025587884,4.583236445503343,4.583236445503343,225
13.239999999999894,7.75632485705935,6.638188327305764,7.727284787276799,6.60881581443319,4.130460223056192,4.130460223056192,226
13.279999999999893,7.782563951881593,6.607997105023299,7.755648297467767,6.580773327268504,3.828297960931182,3.828297960931182,226
13.319999999999892,7.799439078510271,6.572162748818589,7.780169093389214,6.55502226080435,2.579008832734081,2.579008832734081,227
13.359999999999891,7.8138755378583955,6.534858745796261,7.805070707538063,6.52702692404731,1.1783992060298643,1.1783992060298643,227
13.39999999999989,7.82831199720652,6.497554742773932,7.8290425982437855,6.498123471029412,0.09258670013741639,0.09258670013741639,228
13.43999999999989,7.842748456554645,6.460250739751604,7.852571664251762,6.467897506580333,1.2448632551153935,1.2448632551153935,228
13.479999999999889,7.857184915902771,6.422946736729276,7.8755836034127205,6.435389863152835,2.221132812961558,2.221132812961558,229
13.519999999999888,7.865788804407977,6.3840982415133,7.896311607171755,6.404740969065777,3.6847845111516833,3.6847845111516833,229
13.559999999999887,7.871706261474603,6.344538366616322,7.916595725387444,6.370640004428031,5.1926481363904164,5.1926481363904164,230
13.599999999999886,7.877623718541231,6.304978491719344,7.937188077594722,6.334317499479132,6.639796868716781,6.639796868716781,231
13.639999999999885,7.883541175607857,6.265418616822365,7.954024560100796,6.300135897381322,7.856969555107636,7.856969555107636,231
13.679999999999884,7.886012167330127,6.225707814738873,7.97187582589448,6.2607772672472635,9.274930922273263,9.274930922273263,232
13.719999999999883,7.883575533494512,6.1857820985204865,7.989960123823338,6.21649987277217,11.073058617387307,11.010136626745819,233
13.759999999999883,7.881138899658898,6.1458563823021,8.000309788413537,6.18495264193269,12.542016681408565,12.542016681408565,233
13.799999999999882,7.878702265823283,6.105930666083715,8.014089804888332,6.139853878784934,13.957281287579743,13.957281287579743,234
13.83999999999988,7.8762656319876685,6.066004949865329,8.023358835585247,6.102861178045582,15.164033797203698,15.164033797203698,234
13.87999999999988,7.866499270699414,6.027301520659612,8.03821950607595,6.0240859466113275,17.175033960441862,16.458363814572895,236
13.91999999999988,7.855848498705397,5.988745573570591,8.03991157178453,6.00730383525186,18.499628090306324,15.06679729653696,236
13.959999999999878,7.845197726711381,5.95018962648157,8.044732799890287,5.95948631460247,19.975153025328463,13.824656512076128,237
13.999999999999877,7.834546954717363,5.911633679392549,8.049523408883035,5.899366901004078,21.532614726892053,12.770517742538873,238
14.039999999999877,7.821801780030913,5.873847213604787,8.050236143533336,5.886584143295648,22.878917764332083,11.78147025046943,238
14.079999999999876,7.804957708631587,5.837566678069953,8.054069985801716,5.7926191818688535,25.313475472884978,8.859509795001012,240
14.119999999999875,7.788113637232261,5.801286142535119,8.053889707280517,5.746014329110469,27.146250711570595,5.356081175114209,241
14.159999999999874,7.7712695658329345,5.765005607000286,8.052114558666176,5.7039367701779815,28.74079206116852,1.8526525552274786,242
14.199999999999873,7.754425494433608,5.728725071465452,8.048774133188624,5.666396821667456,30.08752762521582,1.6507760646593226,243
14.239999999999872,7.733016781427056,5.695030265762384,7.997446499462725,5.536974927022985,30.80658466699114,5.369484377885999,248
14.279999999999871,7.7105586939150115,5.661929898614854,7.969078623351118,5.530544793909616,28.99906889092404,9.137683766465148,250
14.31999999999987,7.688100606402966,5.628829531467324,7.916720693771469,5.555537714191399,24.00808922592332,12.90588315504449,253
14.35999999999987,7.665642518890922,5.595729164319794,7.896764046861875,5.573136270289926,23.222316756144913,16.674082543623765,254
14.399999999999869,7.640591397578567,5.5646717377018255,7.8532666945201495,5.622280162699464,22.03395392567996,20.530636806067793,256
14.439999999999868,7.6136658148434835,5.5350911191420975,7.829785662657935,5.653840560678591,24.659525235610445,24.451061351479243,257
14.479999999999867,7.5867402321084,5.50551050058237,7.81556275581848,5.673243543965887,28.371485896890675,28.371485896890675,258
14.519999999999866,7.554116307262247,5.483541545398388,7.814635221380746,5.674508892561422,32.301491033072864,32.301491033072864,258
14.559999999999865,7.5175157735373626,5.488294988930839,7.799576041106991,5.69505272558165,34.972382847958244,34.972382847958244,259
14.599999999999865,7.517859655377494,5.521528947515376,7.783849663675916,5.716506753362974,32.97984676855517,32.97984676855517,259
14.639999999999864,7.541071219368294,5.5541053699263925,7.776429543510427,5.726629330216343,29.181853542419468,29.181853542419468,260
14.679999999999863,7.5642827833590935,5.586681792337408,7.769009423344938,5.736751907069713,25.38386031628382,25.38386031628382,260
14.719999999999862,7.587514552918034,5.6192432308150835,7.76160351006573,5.746855102795147,21.58512331932077,21.58512331932077,260
14.759999999999861,7.611947175049194,5.650914147691547,7.755041937109705,5.755806443884644,17.742182709524425,17.742182709524425,261
14.79999999999986,7.6363797971803535,5.682585064568011,7.74848036415368,5.764757784974143,13.899242099728198,13.899242099728198,261
14.83999999999986,7.660812419311514,5.714255981444475,7.741918791197656,5.77370912606364,10.0563014899318,10.0563014899318,261
14.879999999999859,7.685245041442674,5.745926898320938,7.735357218241631,5.782660467153138,6.213360880135502,6.213360880135502,261
14.919999999999858,7.709677663573834,5.777597815197401,7.728795645285606,5.791611808242635,2.3704202703392263,2.3704202703392263,262
14.959999999999857,7.734110285704995,5.809268732073865,7.722234072329582,5.800563149332133,1.4725203394571211,1.4725203394571211,262
14.999999999999856,7.733718971229405,5.848490883887124,7.703395446237476,5.826262927257047,3.759784866032566,3.6727693825343377,263
15.039999999999855,7.731061155811388,5.888402486425781,7.683435887839427,5.8534918884244505,5.905011432852256,2.6098979646467435,264
15.079999999999854,7.74372453004615,5.925588345957484,7.67013108981025,5.87164238161933,9.124780279068835,3.6774440274614384,264
15.119999999999854,7.759984663768162,5.962134317710089,7.658388544650111,5.887661639149756,12.596805655323887,5.366189735677923,265
15.159999999999853,7.761982069030559,5.997059020403709,7.642433929809253,5.9094270299103595,14.822659460806342,5.784292489443481,265
15.199999999999852,7.73793427674068,6.029023120359485,7.618787645927027,5.94168544629123,14.772876817295158,3.6901497218888357,266
15.239999999999851,7.705393443591792,6.051486477412185,7.5967029985816215,5.971813467812119,13.47642433854065,0.7280641345986277,267
15.27999999999985,7.670944149979793,6.071814934550744,7.574969264606086,6.00146277100013,11.899834258824187,2.4103229475376917,268
15.31999999999985,7.635947850646811,6.0911215786428565,7.553531560243309,6.03070822863858,10.218717034253144,5.588287155922106,269
15.359999999999848,7.599928437318942,6.108517033897494,7.532647546688686,6.059198337625859,8.342093290016726,8.342093290016726,270
15.399999999999848,7.563909023991074,6.125912489152132,7.511763533134062,6.0876884466131385,6.465469545780432,6.465469545780432,271
15.439999999999847,7.537401265729315,6.149292732470251,7.491350382792541,6.115536200900528,5.709804937888964,5.709804937888964,272
15.479999999999846,7.53730719815957,6.189292621861251,7.472244810909521,6.14160014803348,8.067023177410611,8.067023177410611,273
15.519999999999845,7.5245815968053025,6.222609035522261,7.4519110604555525,6.169339584470756,9.010350308777678,9.010350308777678,273
15.559999999999844,7.4915641166659155,6.245188805344939,7.429604307267849,6.199770604246135,7.682337516469941,7.682337516469941,274
15.599999999999843,7.458546636526529,6.267768575167618,7.407297554080145,6.230201624021514,6.3543247241623275,6.3543247241623275,275
15.639999999999842,7.425358537987862,6.290096132651944,7.385051425751094,6.260549938964997,4.997640301436332,4.997640301436332,276
15.679999999999842,7.392114698433206,6.312341292387585,7.3628251035580154,6.290871234247196,3.6315888595826364,3.6315888595826364,277
15.71999999999984,7.359084085661069,6.334895066475653,7.340526155492433,6.3212916062235145,2.3009800150706963,2.3009800150706963,278
15.75999999999984,7.326517018893715,6.358119755110178,7.318069321852414,6.351927366741477,1.0474218778048492,1.0474218778048492,279
15.799999999999839,7.29394995212636,6.381344443744704,7.295612488212396,6.38256312725944,0.2061362594610166,0.2061362594610166,280
15.839999999999838,7.263268883164859,6.406903977491655,7.272701552435648,6.413818376906392,1.1695476426320046,1.1695476426320046,281
15.879999999999837,7.233714628717979,6.433858495556148,7.2495193072877,6.4454437485863805,1.95960698219496,1.9033426824408168,282
15.919999999999837,7.2041603742711,6.4608130136206405,7.226337062139753,6.477069120266367,2.7496663217577395,0.9790584730985658,283
15.959999999999836,7.176479176260166,6.48965615376137,7.202908959042667,6.509029892981601,3.277003492985179,0.31591293672452786,284
15.999999999999835,7.149280997335923,6.518986327016993,7.179417454715502,6.541077158072938,3.7365905316658163,0.2798908149086777,285
16.039999999999836,7.122586396964355,6.548739315163993,7.155900355567045,6.573159339788236,4.130565869745214,0.8102702929126191,286
16.079999999999835,7.098405249913181,6.580602650320397,7.1322555079507195,6.605415796805695,4.197061123820758,1.0141051694561407,287
16.119999999999834,7.074224102862007,6.612465985476803,7.108610660334393,6.637672253823154,4.263556377896246,1.2179400459995893,288
16.159999999999833,7.050042955810833,6.644329320633207,7.0849658127180675,6.669928710840613,4.330051631971861,1.421774922543184,289
16.199999999999832,7.027518288684573,6.677365179350719,7.061340858273972,6.702158029461351,4.193628059613832,1.422695137217149,290
16.23999999999983,7.005504958998309,6.710762983412121,7.0377220446370234,6.734378970752492,3.994565639857213,1.3609777900483988,291
16.27999999999983,6.983491629312045,6.744160787473524,7.014103231000075,6.766599912043633,3.7955032201006675,1.2992604428797718,292
16.31999999999983,6.961585592195851,6.777626706962338,6.990489439647435,6.798814001901405,3.583760405411432,1.2248410037337196,293
16.35999999999983,6.940727613403334,6.811757993499632,6.966924707114712,6.8309611653935844,3.248152597572054,1.0263446297515955,294
16.399999999999828,6.919863276812447,6.845885388813352,6.94335960780686,6.863108829242813,2.913287610975242,0.828592769659927,295
16.439999999999827,6.898959152141405,6.879988432251402,6.919792213163833,6.89525962440342,2.583071313975073,0.635500192014925,296
16.479999999999826,6.878055027470363,6.914091475689451,6.896224818520807,6.927410419564028,2.2528550169749564,0.44240761436994647,297
16.519999999999825,6.8571290462499945,6.948181037520417,6.872656212839738,6.959562866830718,1.9251985371760494,0.2518803795835961,298
16.559999999999825,6.836034561580148,6.982166662665668,6.849078270639688,6.9917280510381605,1.6172770128816651,0.08113070045371204,299
16.599999999999824,6.814940076910301,7.016152287810921,6.823015038301512,7.023563094431722,1.0960157674069226,0.4383782353554403,300
16.639999999999823,6.793513697689463,7.049925005681357,6.79491270497345,7.051496996015895,0.21043704504036878,0.21043704504036878,301
16.679999999999822,6.771417479648001,7.083268028163791,6.765920886655739,7.075815547685217,0.9260237567476612,0.9260237567476612,302
16.71999999999982,6.74932126160654,7.116611050646225,6.737150732043831,7.096880501265289,2.318224252979675,2.318224252979675,303
16.75999999999982,6.727225043565078,7.14995407312866,6.7062461299219285,7.115943598115081,3.9960320673088026,3.418985307929339,303
16.79999999999982,6.701267770711737,7.180284245797631,6.676415982902632,7.132343656783687,5.399917992259385,1.9434054125020324,304
16.83999999999982,6.674296238968703,7.209822974196707,6.6470213147653014,7.147288350661837,6.822390073096986,0.5820752456258411,305
16.879999999999818,6.647324707225669,7.239361702595784,6.613536226257952,7.161893111982145,8.451653079587055,0.6954002412836577,305
16.919999999999817,6.6196940342648976,7.26818975329903,6.584957168976973,7.1733029174798,10.104534339501676,1.9578804103139065,306
16.959999999999816,6.588212187895723,7.292865517708417,6.549229991755365,7.186382183234104,11.339449782372053,2.673484933979492,306
16.999999999999815,6.556730341526549,7.317541282117806,6.519527992963358,7.195705331751316,12.738922065984573,3.5204378782179786,307
17.039999999999814,6.525248495157375,7.342217046527194,6.485730008834903,7.206025474389821,14.180922072442522,4.535377097379247,307
17.079999999999814,6.4937666487882,7.366892810936582,6.4551820892847225,7.213720590489538,15.79572643114438,5.765696424213476,308
17.119999999999813,6.45907467373702,7.386792939043009,6.422081499776022,7.222058732104062,16.88367668948695,6.677137676386158,308
17.159999999999812,6.424333567050432,7.406618434660253,6.3880570213318695,7.229008164397613,18.127712451392977,7.702268565552766,309
17.19999999999981,6.389356517317685,7.426024773624438,6.354145139884766,7.235934598977659,19.332386194664785,8.851348087042222,309
17.23999999999981,6.353438229957773,7.443589627190757,6.320821710325109,7.241307766348854,20.489457918307956,9.881799577123298,310
17.27999999999981,6.31645192434284,7.458006805092482,6.28250689442748,7.247485759470657,21.324018314018822,10.553486869305438,310
17.31999999999981,6.276871581599421,7.463785772847491,6.250953998727885,7.251356784890652,21.40041962819174,10.424844380444718,311
17.359999999999808,6.2372912388560025,7.469564740602499,6.211259458378091,7.256199751704919,21.494713787839714,10.445800757959704,311
17.399999999999807,6.197710896112583,7.475343708357508,6.179153725722354,7.259161257532847,21.697746569044675,10.57453104583474,312
17.439999999999806,6.157787612193757,7.474511981006678,6.139593340625019,7.262557133581777,21.27343152028609,10.191682941421158,312
17.479999999999805,6.117821755927607,7.472859609101386,6.100365801765717,7.265887413650243,20.77070052395153,9.836963848227112,313
17.519999999999804,6.077914819750482,7.470269123662626,6.06095766290033,7.269211080697114,20.17718558411015,9.388818723195014,313
17.559999999999803,6.0380562871880015,7.466907965831524,6.021662124909153,7.272525251030214,19.507282837533406,8.863922905528195,314
17.599999999999802,5.998197754625521,7.463546808000423,5.982366586917978,7.275839421363314,18.837380090956742,8.339027087861467,314
17.6399999999998,5.958451400870072,7.459268226537488,5.9432592640784545,7.279137717704004,18.077002304836125,7.723024650020389,315
17.6799999999998,5.918957323476418,7.45292647198343,5.904575214002745,7.28240031538504,17.11315726484489,6.902134611026876,315
17.7199999999998,5.8794632460827625,7.446584717429372,5.865891163927034,7.285662913066076,16.149312224853567,6.081244572033364,316
17.7599999999998,5.839969964927367,7.440238059882515,5.82720831506167,7.288925409437501,15.184985311810383,5.259868564951563,316
17.799999999999798,5.80049867865639,7.433755964533443,5.788558647825525,7.292185107283271,14.207347380419247,4.425068420301518,317
17.839999999999797,5.7610273923854125,7.427273869184372,5.74990898058938,7.2954448051290415,13.229709449028201,3.5902682756514745,317
17.879999999999797,5.721556106114435,7.420791773835301,5.711259313353235,7.298704502974812,12.252071517637154,2.755468131001514,318
17.919999999999796,5.682065539402855,7.414429580270427,5.672580460806884,7.301966662298251,11.286219311526875,1.9325531547084391,318
17.959999999999795,5.642551919786772,7.40821074880178,5.633866712472468,7.305231764718832,10.334458858038218,1.1238488314182287,319
17.999999999999794,5.60303830017069,7.401991917333132,5.595152964138052,7.3084968671394135,9.382698404549483,0.31514450812783606,319
18.039999999999793,5.563482707234999,7.396077570097988,5.556372040233875,7.311767635121322,8.460925907352296,0.4633448943784873,320
18.079999999999792,5.523760254152235,7.39137366522145,5.517324067510244,7.315060925896408,7.658367111716648,1.1217183238576338,320
18.11999999999979,5.48403780106947,7.386669760344911,5.4782760947866125,7.318354216671493,6.855808316080998,0.6485381186147401,321
18.15999999999979,5.444315347986705,7.381965855468372,5.43922812206298,7.321647507446579,6.053249520445262,0.07732303198118981,321
18.19999999999979,5.404460995328033,7.378660491858021,5.399932062026215,7.3249617218088,5.388941585925188,0.35441841826273407,321
18.23999999999979,5.364559509600167,7.375854883776174,5.360547350328401,7.3282834130175045,4.77403629245212,0.7363202802503401,322
18.279999999999788,5.324658023872303,7.373049275694328,5.3211626386305895,7.331605104226209,4.159130998979044,1.1182221422378595,322
18.319999999999787,5.284756538144437,7.370243667612481,5.281777926932776,7.334926795434914,3.5442257055058866,1.5001240042254678,323
18.359999999999786,5.244769031677685,7.369532628461741,5.242132394631378,7.338270484151499,3.137313375785639,1.6728553292819959,323
18.399999999999785,5.2047718604970825,7.369056921041722,5.202457558274555,7.341616644360679,2.7537697418436773,1.8220856543281179,324
18.439999999999785,5.16477468931648,7.368581213621702,5.162782721917733,7.3449628045698585,2.3702261079017166,1.9713159793741535,324
18.479999999999784,5.124777518135876,7.368105506201683,5.12310788556091,7.348308964779038,1.9866824739597482,1.9866824739597482,325
18.519999999999783,5.084781217287033,7.3677000494792955,5.083428030319611,7.351655548278974,1.6101463714082294,1.6101463714082294,325
18.559999999999782,5.044808107436529,7.369166504006172,5.043614441085281,7.355013410851673,1.420334063514698,1.420334063514698,326
18.59999999999978,5.004834997586024,7.370632958533049,5.003800851850951,7.358371273424372,1.230521755621255,1.230521755621255,326
18.63999999999978,4.96486188773552,7.372099413059926,4.96398726261662,7.361729135997071,1.0407094477278123,1.0407094477278123,327
18.67999999999978,4.924952315460906,7.374622852884896,4.924148246099369,7.365089143096885,0.95675571521771,0.95675571521771,327
18.71999999999978,4.885091379594001,7.377955388228206,4.884289765640006,7.368450791777978,0.9538340453817669,0.9538340453817669,328
18.759999999999778,4.845230443727095,7.381287923571517,4.844431285180644,7.37181244045907,0.9509123755459046,0.9509123755459046,329
18.799999999999777,4.805369507860189,7.384620458914828,4.80457280472128,7.375174089140163,0.9479907057099612,0.9479907057099612,329
18.839999999999776,4.765496475306992,7.387804294448935,4.76471476571932,7.378535700588912,0.9301499987717805,0.9301499987717805,330
18.879999999999775,4.725620461953369,7.39095052083199,4.724856916508037,7.381897296030787,0.908536630787153,0.851461746213502,331
18.919999999999774,4.685700507653191,7.393479799122658,4.685007102356708,7.385258213798844,0.825077427529969,0.7000943180690555,331
18.959999999999773,4.645780553353013,7.396009077413326,4.645157288205379,7.3886191315669,0.741618224272866,0.5487268899246958,332
18.999999999999773,4.605871644035259,7.398701786074588,4.605304754725864,7.391980278682034,0.6745370643430787,0.38099362910150303,333
19.03999999999977,4.565974374793339,7.4015667305832356,4.565449355403285,7.395341667501253,0.6247163815252459,0.1960127597135096,334
19.07999999999977,4.526034658873375,7.403737321679994,4.525609957080515,7.398701706802395,0.5053492733580855,0.0805526949358049,335
19.11999999999977,4.486097800399356,7.405969797923572,4.485768213516665,7.402061943900255,0.3921728009538945,0.04110114846102472,336
19.15999999999977,4.447842650994517,7.407563601575443,4.447649786178202,7.405276837180452,0.22948830548795135,0.10318336635950914,337
19.18221948711391,4.426192190294476,7.408410943706583,4.42627,7.40708,0.1333216224161572,0.1333216224161572,338
