time_seconds,x_meters,y_meters,heading_radians,auto_active,target_heading_degrees,requested_omega_radps,measured_omega_radps,translation_element_index
4.503085,4.426270000,7.407080000,-0.010600000,true,-0.607335263,0.000018453,0.000000000,3
4.556814,4.426509108,7.407077151,-0.010600528,true,-0.607335263,-0.000005872,0.000000027,3
4.583770,4.430339059,7.407017446,-0.010604004,true,-0.607335263,0.000064147,0.000000017,3
4.599325,4.432001940,7.406987236,-0.010601339,true,-0.607335263,-0.000036041,0.000000157,3
4.617442,4.437363502,7.406882983,-0.010597163,true,-0.607335263,-0.000071085,0.000000154,3
4.641158,4.446020592,7.406703945,-0.010594511,true,-0.607335263,-0.000056243,-0.000001276,3
4.660085,4.455039502,7.406509879,-0.010593880,true,-0.607335263,-0.000027818,-0.000002458,3
4.676987,4.463407138,7.406326039,-0.010594734,true,-0.607335263,-0.000002999,-0.000002842,3
4.703685,4.477832791,7.406004281,-0.010591231,true,-0.607335263,-0.000089250,-0.000002341,3
4.720301,4.491530452,7.405694928,-0.010593473,true,-0.607335263,0.000022721,-0.000003390,3
4.740644,4.506712529,7.405349397,-0.010587981,true,-0.607335263,-0.000118441,-0.000002634,3
4.757328,4.519902703,7.405047588,-0.010588640,true,-0.607335263,-0.000024188,-0.000004493,3
4.777561,4.537666423,7.404639258,-0.010589622,true,-0.607335263,-0.000016408,-0.000005167,3
4.802224,4.560808917,7.404104700,-0.010584893,true,-0.607335263,-0.000116264,-0.000004492,3
4.820399,4.581576603,7.403622769,-0.010588121,true,-0.607335263,0.000012784,-0.000007612,3
4.840548,4.603656890,7.403108236,-0.010591014,true,-0.607335263,0.000016446,-0.000006458,3
4.856961,4.622244730,7.402673545,-0.010592889,true,-0.607335263,0.000006789,-0.000004340,3
4.882707,4.651628442,7.401983682,-0.010594425,true,-0.607335263,0.000006321,-0.000002090,3
4.901351,4.677458208,7.401374675,-0.010595488,true,-0.607335263,0.000002400,-0.000000925,3
4.917611,4.698979911,7.400865492,-0.010592600,true,-0.607335263,-0.000065512,-0.000000450,3
4.941561,4.732657540,7.400065602,-0.010593437,true,-0.607335263,-0.000007147,-0.000004224,3
4.960294,4.761969980,7.399366400,-0.010593686,true,-0.607335263,-0.000015204,-0.000004563,3
4.979102,4.792387339,7.398637905,-0.010594036,true,-0.607335263,-0.000012630,-0.000004200,3
4.999183,4.823882762,7.397880582,-0.010595157,true,-0.607335263,0.000002280,-0.000003847,3
5.019063,4.856430043,7.397094830,-0.010598726,true,-0.607335263,0.000049705,-0.000002747,3
5.042754,4.890003617,7.396281110,-0.010598682,true,-0.607335263,-0.000007984,0.000001074,3
5.057360,4.917584626,7.395610346,-0.010599820,true,-0.607335263,0.000019345,0.000002436,3
5.082772,4.960130480,7.394571774,-0.010598270,true,-0.607335263,-0.000028439,0.000003145,3
5.099252,4.989259503,7.393858131,-0.010599182,true,-0.607335263,-0.000042880,0.000001421,3
5.118871,5.034070987,7.392756337,-0.010596943,true,-0.607335263,0.000002334,-0.000002870,3
5.141672,5.072413780,7.391809938,-0.010598006,true,-0.607335263,0.000009952,-0.000002923,3
5.159647,5.111642010,7.390838442,-0.010596182,true,-0.607335263,-0.000038798,-0.000001371,3
5.183355,5.159854400,7.389640142,-0.010598746,true,-0.607335263,0.000034689,-0.000003918,3
5.199601,5.192669226,7.388821990,-0.010594117,true,-0.607335263,-0.000087087,-0.000002026,3
5.223186,5.234426733,7.387778134,-0.010590687,true,-0.607335263,-0.000079381,-0.000006943,3
5.241105,5.276986692,7.386711277,-0.010589386,true,-0.607335263,-0.000051352,-0.000012688,3
5.262999,5.329090447,7.385400963,-0.010593173,true,-0.607335263,0.000036311,-0.000014982,3
5.281585,5.364436417,7.384509635,-0.010592015,true,-0.607335263,-0.000041321,-0.000010481,3
5.303620,5.418346872,7.383146725,-0.010590320,true,-0.607335263,-0.000054473,-0.000009609,3
5.320966,5.454868016,7.382221171,-0.010588372,true,-0.607335263,-0.000064095,-0.000011234,3
5.343758,5.510498427,7.380807984,-0.010590958,true,-0.607335263,0.000011668,-0.000014798,3
5.357294,5.538687483,7.380090374,-0.010590149,true,-0.607335263,-0.000041685,-0.000013105,3
5.384291,5.605406111,7.378388549,-0.010583873,true,-0.607335263,-0.000142525,-0.000012453,3
5.400840,5.644111044,7.377398999,-0.010586968,true,-0.607335263,0.000007333,-0.000019150,3
5.418353,5.683227526,7.376397062,-0.010590361,true,-0.607335263,0.000021970,-0.000017491,3
5.444175,5.752647631,7.374614700,-0.010591650,true,-0.607335263,-0.000005711,-0.000007074,3
5.458198,5.782767023,7.373839864,-0.010589991,true,-0.607335263,-0.000054914,-0.000004870,3
5.477492,5.833444631,7.372533993,-0.010590686,true,-0.607335263,-0.000017513,-0.000007872,3
5.503818,5.905373997,7.370675854,-0.010593529,true,-0.607335263,0.000023221,-0.000008332,3
5.518308,5.936542601,7.369868908,-0.010594191,true,-0.607335263,-0.000007484,-0.000006145,3
5.536923,5.988934831,7.368509950,-0.010592682,true,-0.607335263,-0.000044585,-0.000004316,3
5.564293,6.063194860,7.366578251,-0.010592215,true,-0.607335263,-0.000030361,-0.000008546,3
5.578444,6.106093929,7.365459003,-0.010595262,true,-0.607335263,0.000031477,-0.000009911,3
5.598358,6.149322771,7.364328246,-0.010594638,true,-0.607335263,-0.000025432,-0.000006168,3
5.623875,6.214770315,7.362610262,-0.010592390,true,-0.607335263,-0.000068048,-0.000005836,3
5.639669,6.269850376,7.361158010,-0.010589362,true,-0.607335263,-0.000067759,-0.000009986,3
5.660505,6.325408957,7.359685281,-0.010588533,true,-0.607335263,-0.000030865,-0.000015325,3
5.679100,6.370192496,7.358491262,-0.010590088,true,-0.607335263,-0.000019718,-0.000017907,3
5.703829,6.449264952,7.356361151,-0.010590284,true,-0.607335263,-0.000026208,-0.000014287,5
5.719197,6.483402400,7.355395957,-0.010592518,true,-0.607335263,0.000031425,-0.000013256,5
5.742084,6.551621642,7.352830784,-0.010596201,true,-0.607335263,0.000026884,-0.000006043,5
5.759341,6.607857386,7.349480709,-0.010596820,true,-1.847564334,-0.389629714,0.000000402,5
5.777026,6.652052521,7.345549152,-0.010729314,true,-4.191553164,-0.798948706,-0.049891603,5
5.801087,6.716523849,7.336940165,-0.012701079,true,-7.697593081,-1.253244424,-0.237993965,5
5.821046,6.768161939,7.326788308,-0.017528130,true,-10.603945869,-1.191112532,-0.468249557,5
5.842622,6.817416631,7.313501610,-0.026364642,true,-13.484816386,-1.248631856,-0.659860836,5
5.859706,6.863944017,7.296831984,-0.038737721,true,-16.330368460,-1.298210549,-0.807979719,5
5.884291,6.915788267,7.272307424,-0.057327623,true,-19.680519203,-1.456705582,-0.941968579,5
5.900020,6.947817829,7.253372925,-0.071492048,true,-21.864336886,-1.289593624,-1.023603089,5
5.917635,6.977672703,7.232439791,-0.087443399,true,-23.998918852,-1.313812246,-1.068580896,5
5.943574,7.024960859,7.191721913,-0.116634368,true,-27.607967583,-1.602628911,-1.115724414,5
5.957445,7.043598823,7.173091884,-0.129718321,true,-29.108274580,-1.331470879,-1.155862352,5
5.983378,7.079365463,7.134998965,-0.157030916,true,-32.058004292,-1.570008942,-1.183174623,5
6.000825,7.108268981,7.102983566,-0.181011322,true,-34.478872868,-1.536351426,-1.226970095,5
6.020197,7.136934808,7.071234925,-0.205925491,true,-36.879728441,-1.568071571,-1.264057343,5
6.042461,7.165750086,7.040100893,-0.231654218,true,-39.269575641,-1.600917144,-1.293753090,5
6.060178,7.194976167,7.009814646,-0.257556660,true,-41.654543270,-1.644203251,-1.319584007,5
6.083586,7.230779562,6.974764369,-0.290065032,true,-44.514371206,-1.721647544,-1.350214144,5
6.098967,7.249016444,6.957800748,-0.306342524,true,-45.944230395,-1.616780579,-1.368502704,5
6.122501,7.286193553,6.925022588,-0.339481494,true,-48.804714316,-1.788752777,-1.379861989,5
6.140656,7.317883299,6.898864026,-0.367842439,true,-51.189266305,-1.775596471,-1.409739126,5
6.161954,7.350175524,6.873691585,-0.396623709,true,-53.574418868,-1.807991313,-1.438480779,5
6.182885,7.389656040,6.844693717,-0.431869618,true,-56.913968256,-1.924847375,-1.470721350,5
6.197467,7.409670476,6.830656539,-0.449520468,true,-57.868012014,-1.754035559,-1.490461351,5
6.224927,7.456998016,6.798937109,-0.492414419,true,-61.207690682,-1.958500493,-1.501457938,5
6.240625,7.484402301,6.781415739,-0.516584423,true,-63.115990488,-1.892033929,-1.526209120,5
6.261632,7.518984572,6.760046451,-0.547834639,true,-65.501771355,-1.942003549,-1.555502608,5
6.277729,7.546856749,6.743280087,-0.572784668,true,-67.410864069,-1.936819441,-1.574980788,5
6.304054,7.596068740,6.714651935,-0.617299906,true,-70.752214409,-2.059712478,-1.604176952,5
6.323768,7.617329353,6.702684566,-0.637031279,true,-84.028271361,-2.532848479,-1.623807340,7
6.345587,7.667301387,6.675422812,-0.683878906,true,-84.028271361,-2.246577146,-1.679044683,7
6.371542,7.716679659,6.647637164,-0.732623036,true,-84.028271361,-1.623657146,-1.776411061,7
6.392113,7.750043183,6.625551182,-0.768558980,true,-84.028271361,-1.554993901,-1.724343644,7
6.407800,7.775063273,6.606194035,-0.795885722,true,-84.144745924,-1.638743262,-1.649778289,7
6.426596,7.803864532,6.579859439,-0.828613039,true,-84.313705782,-1.482140034,-1.577157098,7
6.450498,7.829623394,6.551331609,-0.860568447,true,-84.537254678,-1.310069740,-1.500675730,7
6.468902,7.852103608,6.520873438,-0.891306888,true,-84.738859547,-1.344767437,-1.411861046,7
6.490633,7.874424517,6.482199420,-0.925493788,true,-84.952253773,-1.301960812,-1.320138026,7
6.511497,7.888994062,6.448587745,-0.952109133,true,-85.175231793,-1.262582642,-1.258155315,7
6.526595,7.895873247,6.427954328,-0.967601372,true,-85.312794710,-1.367793676,-1.224166017,7
6.549482,7.905241705,6.385960318,-0.997342299,true,-85.594298623,-1.117263738,-1.185525359,7
6.572090,7.908654528,6.343494135,-1.026380078,true,-85.880969588,-1.057060426,-1.117296868,7
6.586688,7.908199418,6.322255213,-1.040129083,true,-86.025058511,-1.215361594,-1.078685128,7
6.610346,7.903139206,6.279934879,-1.067009311,true,-86.409297921,-0.862868434,-1.039288766,7
6.628629,7.894752798,6.245140190,-1.088880336,true,-86.552117106,-1.106103616,-0.992731804,7
6.653118,7.880450614,6.203789228,-1.113837508,true,-86.837081147,-0.905512244,-0.953954569,7
6.670276,7.868941221,6.176346679,-1.129610488,true,-87.026863856,-0.980974760,-0.917759223,7
6.686629,7.853395861,6.141874115,-1.148813632,true,-87.265622812,-0.897236213,-0.887127560,7
6.710451,7.837336757,6.107018885,-1.167001210,true,-87.507144825,-0.871276408,-0.852972842,7
6.730456,7.821480566,6.071621056,-1.184656345,true,-87.752277070,-0.840077898,-0.818642390,7
6.749248,7.806398308,6.035582482,-1.201538239,true,-88.001496100,-0.815149817,-0.785657310,7
6.767351,7.792518205,5.998870306,-1.217916985,true,-88.254883148,-0.787919317,-0.755021012,7
6.792538,7.777862963,5.953957533,-1.236678657,true,-88.564102605,-0.726697978,-0.721192224,7
6.810661,7.769450795,5.923541894,-1.248739357,true,-88.773011310,-0.775707597,-0.696046467,7
6.832324,7.759017232,5.877310673,-1.266015583,true,-89.089771659,-0.690467070,-0.673690132,7
6.848986,7.753552242,5.846150015,-1.277282348,true,-83.667410929,-0.290579070,-0.654354990,9
6.870673,7.747202075,5.799215842,-1.293106914,true,-85.194835295,-0.743980673,-0.544978660,9
6.890639,7.743635976,5.768143386,-1.302326911,true,-86.221883285,-0.738167091,-0.533696935,9
6.908313,7.739007425,5.730137851,-1.313339729,true,-87.471474873,-0.801926583,-0.560999190,9
6.931343,7.733521978,5.693532791,-1.324407839,true,-88.649531355,-0.810847893,-0.611866645,9
6.950337,7.726767769,5.658717578,-1.336199092,true,-89.731856719,-0.796235089,-0.666782834,9
6.965914,7.720134111,5.632576744,-1.346182446,true,-90.592075862,-0.733896060,-0.703679024,9
6.986579,7.710033024,5.602500593,-1.359563283,true,-90.592075862,-0.454994929,-0.733781572,9
7.007579,7.695251148,5.570655358,-1.375699362,true,-90.592075862,-0.413967624,-0.689577676,9
7.032788,7.677444509,5.544385959,-1.390841683,true,-90.592075862,-0.343730134,-0.603023629,9
7.049901,7.664019278,5.530492481,-1.400031798,true,-90.592075862,-0.405442892,-0.534847265,9
7.067622,7.645940114,5.517940731,-1.410157001,true,-90.592075862,-0.361040946,-0.465434926,9
7.090636,7.627406424,5.510845566,-1.419128431,true,-90.592075862,-0.321623695,-0.403436522,9
7.105685,7.612942522,5.508726594,-1.425540516,true,-90.592075862,-0.367814706,-0.360986909,9
7.130701,7.592422805,5.510504817,-1.434379125,true,-90.592075862,-0.330684958,-0.316887276,9
7.150786,7.576630471,5.515790244,-1.441088014,true,-90.592075862,-0.319492625,-0.288638225,9
7.169731,7.562017227,5.524084123,-1.447537988,true,-90.478199908,-0.268251242,-0.268072255,9
7.186559,7.548314377,5.535137100,-1.453422282,true,-89.741459576,-0.057442417,-0.248663393,9
7.213044,7.532750410,5.551885188,-1.460050630,true,-88.754092695,0.090915736,-0.207291172,9
7.226031,7.525337778,5.561591514,-1.463085042,true,-88.221742500,-0.045139384,-0.177869597,9
7.246356,7.513543532,5.579513756,-1.467280367,true,-87.285740465,0.139545060,-0.136091781,9
7.265652,7.502474132,5.599435915,-1.470597609,true,-86.295922218,0.202241349,-0.092056410,9
7.286640,7.490094357,5.625713316,-1.473427755,true,-85.045440996,0.337141786,-0.037667561,9
7.308185,7.480443124,5.649399390,-1.474066957,true,-83.955677846,0.321179227,0.027156235,9
7.328390,7.471256053,5.674554307,-1.474063175,true,-82.824697345,0.381531783,0.043482824,9
7.346914,7.462465895,5.701081675,-1.474065589,true,-81.654291727,0.453235726,0.056645577,9
7.366550,7.455667117,5.723234655,-1.474065759,true,-80.445522042,0.526534343,0.066812510,9
7.388185,7.445716813,5.757912912,-1.474063858,true,-79.198523376,0.601804024,0.082101540,9
7.406427,7.439123857,5.781930145,-1.474063584,true,-77.912219838,0.679468054,0.092411251,9
7.429015,7.429010016,5.819178234,-1.474063769,true,-76.584618507,0.759796194,0.107676993,9
7.447408,7.420181097,5.851255021,-1.473425578,true,-75.214024833,0.831327328,0.170674465,9
7.469620,7.410791497,5.884204323,-1.470927244,true,-73.798198453,0.881904560,0.229421090,9
7.486383,7.402761529,5.911140644,-1.467864035,true,-72.631969692,0.859960911,0.269582125,9
7.507918,7.389704624,5.952426222,-1.461829477,true,-70.825890733,1.059365456,0.317694014,9
7.526462,7.380269465,5.980494503,-1.457107103,true,-69.269095228,1.058879938,0.351960738,9
7.549762,7.364966526,6.023342260,-1.448981668,true,-67.666284416,1.120223779,0.403603336,9
7.567214,7.351122683,6.059677842,-1.441145501,true,-66.018390380,1.180596809,0.444602564,9
7.588477,7.336267724,6.096537069,-1.432506099,true,-64.326613998,1.242699664,0.485343064,9
7.608645,7.320404324,6.133881914,-1.423184400,true,-62.592386781,1.306417629,0.526490489,9
7.629525,7.303536733,6.171675348,-1.412960436,true,-60.817143551,1.365901243,0.568482671,9
7.646030,7.289326340,6.202210370,-1.404178891,true,-59.368398835,1.351571886,0.602592723,9
7.666579,7.270683381,6.240732113,-1.392319580,true,-57.522966520,1.470306649,0.641254540,9
7.686104,7.251066573,6.279617051,-1.379552169,true,-55.640336586,1.526695489,0.681039760,9
7.708638,7.226261481,6.326717040,-1.363329614,true,-53.334074345,1.657862955,0.729622378,9
7.727417,7.204564455,6.366304690,-1.348887172,true,-51.374611688,1.653042637,0.775869036,9
7.746667,7.181993448,6.406192913,-1.333903333,true,-49.382676992,1.712768781,0.820577202,9
7.766569,7.163330508,6.438314918,-1.321302566,true,-47.359391288,1.766235250,0.856116571,9
7.787994,7.134354150,6.486830828,-1.301253324,true,-45.305929104,1.817256885,0.911539775,9
7.806693,7.114406642,6.519388315,-1.287070620,true,-43.642253379,1.798917539,0.949517740,9
7.829102,7.083606785,6.568555247,-1.264854897,true,-41.113071769,1.970791638,0.999908156,9
7.849128,7.057165500,6.609824413,-1.244863630,true,-38.975548641,1.953569189,1.048929357,9
7.867677,7.030081155,6.651367762,-1.224296427,true,-36.812229460,2.003253049,1.096238318,9
7.888889,7.002395127,6.693196637,-1.202308474,true,-34.623733551,2.037158563,1.140954585,9
7.909085,6.974146510,6.735318569,-1.179840717,true,-32.410760295,2.084837390,1.183438953,9
7.925779,6.951194781,6.769250228,-1.161384729,true,-30.174003207,2.126983276,1.216721656,9
7.946672,6.922096896,6.811964004,-1.137554014,true,-27.914147697,2.169340698,1.257897175,9
7.966152,6.892596225,6.855028364,-1.112818464,true,-26.090067886,2.151875200,1.298682644,9
7.985947,6.862715539,6.898443790,-1.087153920,true,-23.790170066,2.232955039,1.335244003,9
8.007422,6.826391044,6.951013085,-1.055144262,true,-21.001789597,2.315633082,1.380124050,9
8.028672,6.795830547,6.995254932,-1.027494040,true,-18.655358516,2.305230736,1.422348323,9
8.047248,6.765097258,7.039934083,-0.999249906,true,-16.288941464,2.340727248,1.461333330,9
8.069681,6.734254935,7.085087167,-0.969919107,true,-13.902805180,2.366535186,1.497524000,9
8.087117,6.703397354,7.130765186,-0.940223042,true,-11.497444987,2.402945162,1.531687610,9
8.107748,6.672633576,7.177026703,-0.909626125,true,-0.607335263,2.898089163,1.565066306,11
8.129076,6.641837735,7.223736575,-0.878815385,true,-0.607335263,2.386217162,1.651662915,11
8.146833,6.610177458,7.270265671,-0.846491431,true,-0.607335263,2.022814996,1.709129138,11
8.168123,6.576849788,7.316139467,-0.812796387,true,-0.607335263,1.901163490,1.708223069,11
8.189661,6.541405270,7.361024589,-0.778232688,true,-0.607335263,1.784442592,1.672496734,11
8.206430,6.511303164,7.395970496,-0.750935104,true,-0.607335263,1.811541548,1.632272748,11
8.227159,6.462980238,7.446371328,-0.710922230,true,-0.607335263,1.500773572,1.590910785,11
8.248944,6.419816849,7.486232923,-0.678797721,true,-0.607335263,1.522725525,1.523338553,11
8.267639,6.374319142,7.523794920,-0.647850576,true,-0.607335263,1.447544558,1.458454859,11
8.288395,6.326700969,7.558634437,-0.618217059,true,-0.607335263,1.378348421,1.398473395,11
8.307695,6.277233138,7.590476617,-0.589660163,true,-0.607335263,0.915148420,-1.215254574,11
8.325741,6.266729080,7.596113673,-0.592593916,true,-0.607335263,1.348252421,-0.715713115,11
8.346373,6.251871261,7.604230337,-0.620726863,true,-0.607335263,1.843420421,-0.209361605,11
8.369773,6.230980911,7.614733198,-0.633632916,true,-0.607335263,2.062689539,0.163500592,11
8.387217,6.210889123,7.623223250,-0.634229673,true,-0.607335263,1.879840379,0.375331680,11
8.405758,6.193252416,7.629360325,-0.630483389,true,-0.607335263,1.803455898,0.494683970,11
8.428469,6.164519326,7.636909843,-0.620332083,true,-0.607335263,1.676926663,0.613076143,11
8.446128,6.144842915,7.640411025,-0.614305417,true,-0.607335263,1.720716264,0.313339697,11
8.467754,6.117322803,7.643213585,-0.611721215,true,-0.607335263,1.764600610,0.437977453,11
8.486955,6.093053695,7.643787128,-0.604924867,true,-0.607335263,1.681029378,0.544068250,11
8.507601,6.067527778,7.642547654,-0.595032398,true,-0.607335263,1.604910155,0.609971949,11
8.529429,6.040930212,7.639324950,-0.583155519,true,-0.607335263,1.539513382,0.647340074,11
8.548936,6.013443205,7.633995880,-0.570405913,true,-0.607335263,1.488173642,0.664471634,11
8.566510,5.985242797,7.626500657,-0.556942499,true,-0.607335263,1.437076298,0.668027753,11
8.587596,5.956476633,7.616881001,-0.543219098,true,-0.607335263,1.392006268,0.662431138,11
8.608533,5.927209563,7.605358071,-0.529599664,true,-0.607335263,1.352707494,0.652649922,11
8.629080,5.897361370,7.592408811,-0.516010391,true,-0.607335263,1.312392074,0.642904018,11
8.653394,5.860571659,7.575678487,-0.500153921,true,-0.607335263,1.183733206,0.633303775,11
8.666742,5.828975347,7.561125330,-0.487055620,true,-0.607335263,1.272126941,0.621985585,11
8.686648,5.802980293,7.549354566,-0.476787803,true,-0.607335263,1.198381785,0.616400742,11
8.706882,5.769514017,7.534714138,-0.464061224,true,-0.607335263,1.207955285,0.611606600,11
8.728207,5.734918759,7.520341539,-0.451486624,true,-0.607335263,1.134040867,0.608796597,11
8.748126,5.699172172,7.506387118,-0.439184229,true,-0.607335263,1.101216771,0.604362733,11
8.769658,5.662270727,7.492966193,-0.426780577,true,-0.607335263,1.062486953,0.598445049,11
8.786382,5.631925336,7.482677451,-0.416933238,true,-0.607335263,1.027482017,0.592958990,11
8.807099,5.585059736,7.468081235,-0.402299738,true,-0.607335263,0.992103056,0.583836751,11
8.826001,5.552938181,7.458957889,-0.392676709,true,-0.607335263,1.001884691,0.577261986,11
8.845998,5.511830873,7.448278501,-0.380860132,true,-0.607335263,0.933531746,0.571252207,11
8.865627,5.469699151,7.438435471,-0.369157612,true,-0.607335263,0.900135034,0.563433578,11
8.888028,5.417845609,7.427753881,-0.355207465,true,-0.607335263,0.824570180,0.551772444,11
8.907095,5.373602850,7.419809273,-0.343866731,true,-0.607335263,0.829689185,0.538372348,11
8.926764,5.319337739,7.411414380,-0.330518571,true,-0.607335263,0.759533309,0.523891925,11
8.946795,5.282482513,7.406509388,-0.321872221,true,-0.607335263,0.804121423,0.514041909,11
8.967729,5.235690295,7.401109762,-0.311321998,true,-0.607335263,0.743912640,0.505288036,11
8.987395,5.188127691,7.396532356,-0.301104267,true,-0.607335263,0.718246842,0.495928681,11
9.008840,5.139829568,7.392746906,-0.290897871,true,-0.607335263,0.687797676,0.485468031,11
9.027761,5.090829104,7.389722051,-0.281084062,true,-0.607335263,0.664245047,0.474197010,11
9.046901,5.051143865,7.387826383,-0.273297151,true,-0.607335263,0.636260412,0.465014533,11
9.067209,4.990842826,7.385798134,-0.261822936,true,-0.607335263,0.610745058,0.450913519,11
9.089161,4.939911577,7.384818817,-0.252728100,true,-0.607335263,0.589961770,0.438880660,11
9.107122,4.898738458,7.384474229,-0.245468869,true,-0.607335263,0.563475045,0.429414852,11
9.129825,4.836291545,7.384635955,-0.234904972,true,-0.607335263,0.541325696,0.415112281,11
9.148937,4.783644262,7.385353953,-0.226312111,true,-0.607335263,0.518243425,0.403121426,11
9.169131,4.730463692,7.386570690,-0.217943899,true,-0.607335263,0.496508523,0.391084831,11
9.187577,4.676767162,7.388267561,-0.209969018,true,-0.607335263,0.478483843,0.379046087,11
9.209027,4.622571386,7.390434063,-0.202097003,true,-0.607335263,0.456410771,0.367337627,13
9.228366,4.567892043,7.393047116,-0.194521418,true,-0.607335263,0.438130477,0.358564779,13
9.245719,4.523809379,7.395416083,-0.188595434,true,-0.607335263,0.445096547,0.354593030,13
9.268716,4.457199781,7.399361070,-0.179762753,true,-0.607335263,0.374998038,0.360037252,13
9.287164,4.401638886,7.402943813,-0.172411672,true,-0.607335263,0.375168806,0.354861891,13
9.309372,4.346776583,7.406724632,-0.165171601,true,-0.607335263,0.355113734,0.348666354,13
9.328497,4.303738993,7.409885314,-0.159575095,true,-0.607335263,0.362977697,0.343678983,13
9.352664,4.221100544,7.416753273,-0.148603758,true,-0.607335263,0.249441223,0.343832360,13
9.367244,4.191375495,7.419521845,-0.144578728,true,-0.607335263,0.341560730,0.333717361,13
9.386895,4.143765223,7.423986360,-0.138086797,true,-0.607335263,0.285081430,0.330866833,13
9.405822,4.107519420,7.427241204,-0.132970084,true,-0.607335263,0.290359548,0.325110959,13
9.426500,4.056574792,7.431172421,-0.125672710,true,-0.607335263,0.235757529,0.322553053,13
9.447802,4.017351171,7.433233587,-0.119659126,true,-0.607335263,0.236973616,0.312467355,13
9.466288,3.988196427,7.433785930,-0.114979214,true,-0.607335263,0.222527137,0.306651388,13
9.486578,3.954736237,7.432632591,-0.109516797,true,-0.607335263,0.212301069,0.302505944,13
9.506439,3.924815838,7.428900750,-0.104196007,true,-0.607335263,0.198521852,0.299104420,13
9.529831,3.894368696,7.419983049,-0.097970740,true,-0.607335263,0.184336057,0.287807533,13
9.548105,3.874552466,7.408808369,-0.093082281,true,-0.607335263,0.174119968,0.299002785,13
9.568723,3.860392290,7.395633297,-0.088381336,true,-0.607335263,0.162829839,0.273336756,13
9.589333,3.851179308,7.382662803,-0.084186407,true,-0.607335263,0.157835273,0.319276498,13
9.608232,3.843861422,7.372247262,-0.080030198,true,-0.607335263,0.145947472,0.359659535,13
9.629159,3.837003788,7.364275182,-0.074898204,true,-0.607335263,0.115914694,0.275664981,13
9.648618,3.830675796,7.358359448,-0.069893979,true,-0.607335263,0.102818562,0.170744198,13
9.666223,3.825473991,7.354101871,-0.066157534,true,-0.607335263,0.110625923,0.096283414,13
9.687365,3.821696784,7.351205261,-0.063801560,true,-0.607335263,0.124265082,0.050634425,13
9.708729,3.819430977,7.349516260,-0.063134896,true,-0.607335263,0.147604713,0.000982889,13
9.729027,3.818675808,7.348957430,-0.063135575,true,-0.607335263,0.157616917,0.000037356,13
9.746777,3.819137432,7.349302104,-0.063136534,true,-0.607335263,0.157623984,0.000961570,13
9.767575,3.821550091,7.351126961,-0.063137444,true,-0.607335263,0.157625987,0.004109982,13
9.787114,3.824266856,7.353209799,-0.063138823,true,-0.607335263,0.157637088,0.006383796,13
9.808272,3.829942215,7.357622394,-0.063140591,true,-0.607335263,0.157648338,0.009582768,13
9.828321,3.836091041,7.362465764,-0.063141874,true,-0.607335263,0.157644881,0.011764262,13
9.847257,3.843492418,7.368346624,-0.063140859,true,-0.607335263,0.157607340,0.013508408,13
9.867596,3.852122513,7.375231082,-0.063138538,true,-0.607335263,0.157580800,0.015300244,13
9.887421,3.861968941,7.383072515,-0.063137792,true,-0.607335263,0.157602194,0.016574748,13
9.907558,3.873030104,7.391812440,-0.063136679,true,-0.607335263,0.157593335,0.017660658,13
9.929156,3.885310562,7.401385219,-0.063136707,true,-0.607335263,0.157610547,0.018805956,13
9.947028,3.898815493,7.411724479,-0.063135664,true,-0.607335263,0.157591338,0.020009983,13
9.968367,3.913555793,7.422755763,-0.063136839,true,-0.607335263,0.157628143,0.021291683,13
9.987430,3.929584440,7.434344540,-0.063134638,true,-0.607335263,0.157570907,0.022812001,13
10.009930,3.947048092,7.446212647,-0.063134450,true,-0.607335263,0.157600521,0.024574421,13
10.029058,3.966084275,7.458056131,-0.063132994,true,-0.607335263,0.157577146,0.026546170,13
10.048431,3.986811681,7.469542322,-0.063131381,true,-0.607335263,0.157569940,0.028640314,13
10.069550,4.009284924,7.480376044,-0.063134988,true,-0.607335263,0.157659078,0.030782146,13
10.087594,4.033524133,7.490249204,-0.063133509,true,-0.607335263,0.157578334,0.032915616,13
10.108724,4.059513190,7.498843707,-0.063132473,true,-0.607335263,0.157581892,0.034967321,13
10.129631,4.087179915,7.505883293,-0.063131067,true,-0.607335263,0.157572111,0.036857743,13
10.148423,4.116426260,7.511050000,-0.063127330,true,-0.607335263,0.157525938,0.038521082,13
10.167261,4.147104978,7.514080547,-0.063125588,true,-0.607335263,0.157550629,0.039922930,13
10.189261,4.179028922,7.514820119,-0.063124895,true,-0.607335263,0.157564283,0.041021906,13
10.209464,4.211996871,7.513149630,-0.063125825,true,-0.607335263,0.157591424,0.041708104,13
10.228259,4.245803636,7.508975821,-0.063126073,true,-0.607335263,0.157581937,0.041977936,13
10.247393,4.280274493,7.502407690,-0.063130048,true,-0.607335263,0.157649775,0.041814651,13
10.268924,4.315356736,7.493951122,-0.063128958,true,-0.607335263,0.157570521,0.041815177,13
10.285927,4.343947470,7.486456961,-0.063131031,true,-0.607335263,0.157624193,0.042030914,13
10.307370,4.387922052,7.475033682,-0.063126049,true,-0.607335263,0.157503415,0.042586315,13
10.329072,4.425670946,7.465882237,-0.063124764,true,-0.607335263,0.157555023,0.043182438,13
10.345925,4.456639900,7.459102690,-0.063126352,true,-0.607335263,0.157602863,0.043739186,13
10.369587,4.504352245,7.449969140,-0.063128245,true,-0.607335263,0.157613129,0.044659076,13
10.389416,4.545201829,7.443231927,-0.063125413,true,-0.607335263,0.157533761,0.045465897,13
10.407777,4.586975282,7.437150479,-0.063129467,true,-0.607335263,0.157649210,0.046279546,13
10.428074,4.629623605,7.431622830,-0.063131925,true,-0.607335263,0.157632642,0.047099022,13
10.447942,4.673107328,7.426572017,-0.063134589,true,-0.607335263,0.157643731,0.047909660,13
10.466137,4.708473239,7.422833440,-0.063133455,true,-0.607335263,0.157583363,0.048548104,13
10.486904,4.753379155,7.418491325,-0.063132171,true,-0.607335263,0.157579605,0.049326694,13
10.505792,4.808257124,7.413722532,-0.063131055,true,-0.607335263,0.157574459,0.050237438,13
10.528423,4.854786158,7.410072694,-0.063129854,true,-0.607335263,0.157571542,0.050977421,13
10.547226,4.902016449,7.406683773,-0.063125617,true,-0.607335263,0.157513304,0.051700296,13
10.567138,4.949927499,7.403529726,-0.063127565,true,-0.607335263,0.157611919,0.052401560,13
10.587343,4.998499982,7.400587403,-0.063122354,true,-0.607335263,0.157488897,0.053094113,13
10.605740,5.037821857,7.398372088,-0.063127663,true,-0.607335263,0.157662622,0.053629882,13
10.629844,5.097556658,7.395254962,-0.063134337,true,-0.607335263,0.157703120,0.054429465,13
10.646034,5.137868780,7.393303980,-0.063135431,true,-0.607335263,0.157622695,0.054953493,13
10.666631,5.199049524,7.390544448,-0.063134231,true,-0.607335263,0.157584705,0.055709682,13
10.687241,5.250669698,7.388383857,-0.063134634,true,-0.607335263,0.157609946,0.056316448,13
10.708348,5.302852237,7.386333648,-0.063135441,true,-0.607335263,0.157618416,0.056909991,13
10.728968,5.355582686,7.384380518,-0.063136395,true,-0.607335263,0.157623504,0.057490868,13
10.747684,5.408847091,7.382512937,-0.063131981,true,-0.607335263,0.157529732,0.058058262,13
10.768304,5.462631929,7.380720053,-0.063132888,true,-0.607335263,0.157612267,0.058603033,13
10.785670,5.506025679,7.379332613,-0.063138710,true,-0.607335263,0.157703456,0.059034263,13
10.808668,5.571710792,7.377318051,-0.063136659,true,-0.607335263,0.157579222,0.059679827,13
10.829618,5.626979762,7.375692749,-0.063137941,true,-0.607335263,0.157633052,0.060191107,13
10.847050,5.671534066,7.374421762,-0.063135129,true,-0.607335263,0.157563206,0.060592008,13
10.869732,5.738916681,7.372555207,-0.063134703,true,-0.607335263,0.157597726,0.061173918,13
10.889231,5.795577640,7.371028842,-0.063134265,true,-0.607335263,0.157596214,0.061748317,13
10.908974,5.852812011,7.369520590,-0.063133355,true,-0.607335263,0.157586424,0.062365069,13
10.926013,5.898997099,7.368324385,-0.063129966,true,-0.607335263,0.157539061,0.062815140,13
10.949293,5.968878207,7.366543371,-0.063135131,true,-0.607335263,0.157682864,0.066635339,13
10.968611,6.027731806,7.365081444,-0.062372135,true,-0.607335263,0.143871461,0.102305471,13
10.987169,6.087121281,7.363701006,-0.060573139,true,-0.607335263,0.122934474,0.117237254,13
11.009956,6.146959234,7.362440777,-0.058316249,true,-0.607335263,0.109295396,0.122976786,13
11.029322,6.207171844,7.361309866,-0.055898962,true,-0.607335263,0.099637594,0.122920088,13
11.047192,6.267697061,7.360284679,-0.053462791,true,-0.607335263,0.092045811,0.117176139,13
11.065616,6.316306984,7.359514600,-0.051576913,true,-0.607335263,0.094642567,0.110192513,13
11.087174,6.389484231,7.358358058,-0.048888266,true,-84.028271361,-0.422749434,0.100615186,15
11.108729,6.450650825,7.357008149,-0.047009762,true,-84.028271361,-0.940069434,-0.007953729,15
11.129690,6.511855602,7.354129491,-0.047412343,true,-84.028271361,-1.443133435,-0.152167329,15
11.149412,6.572807308,7.348718059,-0.050125407,true,-84.028271361,-1.916461436,-0.377424676,15
11.168520,6.633137773,7.340111447,-0.056784626,true,-84.028271361,-2.375053436,-0.652051866,15
11.186597,6.680708890,7.330651928,-0.065727285,true,-84.028271361,-2.808901437,-0.891979780,15
11.207685,6.750447706,7.311856929,-0.085953181,true,-84.028271361,-3.315013437,-1.276045532,15
11.227262,6.806688301,7.291788969,-0.109708884,true,-84.028271361,-3.714247814,-1.596990121,15
11.247038,6.860952816,7.267796906,-0.139722214,true,-84.028271361,-3.530343404,-1.908081469,15
11.265871,6.902792561,7.245785602,-0.168433302,true,-84.028271361,-3.463743771,-2.099847495,15
11.289406,6.962784092,7.207988475,-0.217503125,true,-84.028271361,-3.011153285,-2.289641866,15
11.308211,7.010122540,7.172189940,-0.261811874,true,-84.028271361,-2.949643142,-2.337411032,15
11.329059,7.055403402,7.133095327,-0.307429906,true,-84.028271361,-2.793149804,-2.340183313,15
11.349509,7.099288024,7.091788292,-0.354591436,true,-84.028271361,-2.628512736,-2.309739146,15
11.369455,7.142536491,7.049170863,-0.401516566,true,-84.028271361,-2.491283361,-2.251520279,15
11.387501,7.185939043,7.006051722,-0.447147301,true,-84.028271361,-2.373807067,-2.175547789,15
11.407308,7.230053859,6.963104130,-0.491642806,true,-84.028271361,-2.257349013,-2.091282105,15
11.429530,7.275309667,6.920851894,-0.534325861,true,-84.028271361,-2.156486582,-2.009448836,15
11.449492,7.322001960,6.879671525,-0.576001065,true,-84.028271361,-2.046578748,-1.924744822,15
11.467352,7.370261961,6.839903938,-0.615834788,true,-84.028271361,-1.954699791,-1.839199615,15
11.487382,7.420145423,6.801808712,-0.653790763,true,-84.028271361,-1.868998093,-1.756980368,15
11.510008,7.471639551,6.765552641,-0.690638077,true,-84.028271361,-1.775086059,-1.679840461,15
11.527417,7.524702335,6.731262051,-0.725543516,true,-84.028271361,-1.699497856,-1.606095753,15
11.547180,7.579273669,6.699043274,-0.758968529,true,-84.028271361,-1.621429223,-1.536620400,15
11.569003,7.635314912,6.669006647,-0.790962581,true,-90.592075862,-2.145181223,-1.478296532,17
11.587328,7.692579090,6.640792218,-0.822267960,true,-90.592075862,-1.807005434,-1.501144257,17
11.607205,7.750260651,6.612977812,-0.852818657,true,-90.592075862,-1.726673581,-1.526341164,17
11.627052,7.807707586,6.584385975,-0.884346839,true,-90.592075862,-1.617426749,-1.526569242,17
11.649543,7.864179954,6.554260779,-0.915558311,true,-90.592075862,-1.528542990,-1.504566464,17
11.669013,7.919076380,6.522291078,-0.946010411,true,-90.592075862,-1.448577270,-1.466180131,17
11.688997,7.971830928,6.488319628,-0.975054977,true,-90.592075862,-1.382556572,-1.419315071,17
11.707282,8.022033765,6.452392189,-1.002996260,true,-90.592075862,-1.315281971,-1.369642159,17
11.729129,8.069365127,6.414662199,-1.030135456,true,-90.592075862,-1.245895691,-1.319776180,17
11.745694,8.104995769,6.383316588,-1.051125828,true,-90.592075862,-1.275156941,-1.279356511,17
11.769687,8.154296244,6.334579606,-1.081138704,true,-90.592075862,-1.049780739,-1.238943109,17
11.786430,8.184275875,6.301093913,-1.100780457,true,-90.592075862,-1.058905028,-1.190347294,17
11.805772,8.218316281,6.258432665,-1.123956711,true,-90.592075862,-1.096807153,-1.131426281,17
11.830398,8.254010294,6.206530787,-1.150416467,true,-90.592075862,-0.895244266,-1.091799661,17
11.848851,8.279220662,6.162988793,-1.171775195,true,-90.592075862,-0.907683493,-1.034711368,17
11.867827,8.300145828,6.119558349,-1.192044241,true,-90.592075862,-0.863221575,-0.984090052,17
11.887350,8.316819093,6.076587608,-1.211368551,true,-90.592075862,-0.819419700,-0.939284830,17
11.908705,8.329250259,6.034420696,-1.229897435,true,-90.592075862,-0.775764442,-0.896437919,17
11.928139,8.337382688,5.993407201,-1.247203031,true,-90.592075862,-0.742196971,-0.853575140,17
11.949371,8.341147710,5.953926465,-1.263581074,true,-90.592075862,-0.706976124,-0.812289913,17
11.969351,8.340581200,5.916363696,-1.279345994,true,-90.592075862,-0.668878226,-0.770934599,17
11.989373,8.335734529,5.881141338,-1.294385344,true,-90.592075862,-0.634643710,-0.728541577,17
12.006015,8.328917867,5.854906757,-1.305784147,true,-90.592075862,-0.655055514,-0.693267565,17
12.028959,8.314138476,5.819231382,-1.321772673,true,-90.592075862,-0.538244095,-0.651645245,17
12.049374,8.298099014,5.793134851,-1.334572259,true,-90.592075862,-0.547679430,-0.603235264,17
12.066812,8.283149448,5.774725666,-1.344321194,true,-90.592075862,-0.564192389,-0.566494463,17
12.087380,8.257656207,5.751285347,-1.358145614,true,-90.592075862,-0.461586856,-0.523134929,17
12.109843,8.234051676,5.735543572,-1.368787756,true,-90.592075862,-0.477394604,-0.481850687,17
12.128673,8.208630843,5.722962543,-1.378928161,true,-90.592075862,-0.454499444,-0.448149566,17
12.147802,8.181484663,5.713374791,-1.388479814,true,-90.592075862,-0.434675762,-0.420486527,17
12.167943,8.152629351,5.706548391,-1.397509498,true,-90.592075862,-0.415416253,-0.397266117,17
12.185700,8.128325348,5.702947191,-1.404291560,true,-90.592075862,-0.428784392,-0.377309979,17
12.205661,8.096582593,5.700632613,-1.412290014,true,-90.592075862,-0.386543139,-0.354721847,17
12.229384,8.056934888,5.700858529,-1.421418472,true,-90.592075862,-0.316222309,-0.325666831,17
12.246592,8.029711520,5.702682589,-1.426924073,true,-90.592075862,-0.376515713,-0.304921411,17
12.266690,7.994871714,5.706315624,-1.433528901,true,-90.592075862,-0.364708006,-0.281155209,17
12.286572,7.951882640,5.711722426,-1.440595308,true,-90.592075862,-0.315607970,-0.258751041,17
12.306311,7.922487159,5.715538604,-1.444977832,true,-0.607335263,0.158128030,-0.243936271,20
12.329330,7.877271535,5.721211876,-1.451166497,true,-0.607335263,0.710584031,-0.182315762,20
12.349474,7.838672906,5.726521670,-1.455525169,true,-0.607335263,1.194040031,-0.080646765,20
12.367264,7.799407193,5.733093798,-1.458227524,true,-0.607335263,1.621000032,0.104100198,20
12.387339,7.759649958,5.741344036,-1.457819242,true,-0.607335263,2.102800033,0.265304717,20
12.408194,7.719603492,5.751488678,-1.454460892,true,-0.607335263,2.603320033,0.481335834,20
12.428017,7.679497298,5.763686829,-1.447045122,true,-0.607335263,3.079072034,0.725089309,20
12.445613,7.647545049,5.774969907,-1.437803409,true,-0.607335263,3.501376034,0.937635561,20
12.465701,7.608025376,5.790962833,-1.421252802,true,-0.607335263,3.983488035,1.216900066,20
12.488276,7.561525919,5.812826807,-1.393633140,true,-0.607335263,3.734804500,1.559003708,20
12.509260,7.523654660,5.833156828,-1.363933259,true,-0.607335263,3.614501551,1.776343449,20
12.527019,7.486501410,5.855481678,-1.330300801,true,-0.607335263,3.454615538,1.923596803,20
12.549757,7.450059027,5.879925507,-1.293190982,true,-0.607335263,3.291125661,2.007030640,20
12.567333,7.414347506,5.906595185,-1.253933647,true,-0.607335263,3.141140912,2.037542801,20
12.587248,7.379509858,5.935666500,-1.212896045,true,-0.607335263,2.991324101,2.039610427,20
12.606381,7.352374422,5.960662335,-1.180141593,true,-0.607335263,3.017307999,2.018134743,20
12.628462,7.313139902,6.001076779,-1.130562193,true,-0.607335263,2.616195582,1.976129599,20
12.649361,7.282035721,6.037407781,-1.090604726,true,-0.607335263,2.640652178,1.909804816,20
12.666541,7.258464089,6.068268820,-1.058736974,true,-0.607335263,2.522637189,1.851522919,20
12.688258,7.225538368,6.117439579,-1.012528312,true,-0.607335263,2.432452881,1.767317266,20
12.706489,7.200363490,6.160826707,-0.975959584,true,-0.607335263,2.347547837,1.705493482,20
12.729313,7.176947647,6.205976084,-0.940370231,true,-0.607335263,2.255470390,1.652196027,20
12.747018,7.159097957,6.243064879,-0.913481546,true,-0.607335263,2.184134698,1.613829662,20
12.766297,7.137452021,6.290355589,-0.880385135,true,-0.607335263,2.213892299,1.570103135,20
12.786822,7.116079210,6.338416756,-0.847847212,true,-0.607335263,1.906701265,1.537956527,20
12.808394,7.090363636,6.396874900,-0.810164563,true,-0.607335263,1.930930232,1.486743960,20
12.829455,7.068572669,6.446112615,-0.779471915,true,-0.607335263,1.846226022,1.441287921,20
12.856128,7.037223623,6.515665513,-0.737818260,true,-0.607335263,1.556849951,1.381779318,20
12.879604,7.009334199,6.575722542,-0.704389837,true,-0.607335263,1.579943162,1.311162202,20
12.898263,6.990124920,6.615936218,-0.682760873,true,-0.607335263,1.692048162,1.266253816,20
12.917237,6.965409292,6.666355582,-0.656507631,true,-0.607335263,1.543924265,1.232703813,20
12.937975,6.939926979,6.716915124,-0.631379432,true,-0.607335263,1.485415317,1.201905044,20
12.956720,6.913685691,6.767604616,-0.606855088,true,-0.607335263,1.420900093,1.169378749,20
12.978972,6.881189335,6.828574956,-0.578189716,true,-0.607335263,1.272788577,1.128600039,20
12.997991,6.875672013,6.838752615,-0.573647994,true,-0.607335263,1.210565904,1.112697856,20
13.016746,6.830536202,6.920345764,-0.537210653,true,-0.607335263,1.375315377,1.049499388,20
13.039289,6.795585967,6.981734999,-0.511465990,true,-0.607335263,1.116428023,1.021502957,20
13.058548,6.771840040,7.022769652,-0.494840332,true,-0.607335263,1.203336136,0.995574813,20
13.079026,6.735633488,7.084527239,-0.470481729,true,-0.607335263,1.014266131,0.960966804,20
13.099648,6.704972243,7.136191659,-0.450791627,true,-0.607335263,1.025223351,0.922134664,20
13.117424,6.680182035,7.177685139,-0.435487904,true,-0.607335263,1.045107873,0.891076764,22
13.139319,6.642354112,7.240045990,-0.413369943,true,-0.607335263,0.876540421,0.858285681,22
13.157313,6.616288446,7.281426627,-0.399292696,true,-0.607335263,0.954919381,0.833320563,22
13.179673,6.575096073,7.342693288,-0.379098340,true,-0.607335263,0.802579669,0.801318392,22
13.199852,6.538380935,7.392634678,-0.362751672,true,-0.607335263,0.811254994,0.777076951,22
13.219303,6.499298908,7.441041762,-0.346839295,true,-0.607335263,0.770032243,0.753479574,22
13.238358,6.466351370,7.478314784,-0.334672115,true,-0.607335263,0.789708648,0.733277011,22
13.260374,6.414203241,7.531156925,-0.316498832,true,-0.607335263,0.645097236,0.712404277,22
13.279503,6.368380599,7.571961945,-0.301968430,true,-0.607335263,0.656149267,0.677359657,22
13.296224,6.330366067,7.602333748,-0.290881627,true,-0.607335263,0.674542838,0.651028835,22
13.320169,6.271394163,7.643840147,-0.275061870,true,-0.607335263,0.556089257,0.625488412,22
13.337505,6.230929226,7.668672202,-0.265027692,true,-0.607335263,0.612770404,0.598850433,22
13.358964,6.168829023,7.701356040,-0.250490092,true,-0.607335263,0.501606269,0.571971977,22
13.378798,6.127270899,7.719677854,-0.242952666,true,-0.607335263,0.583996608,0.191258798,22
13.398548,6.100178073,7.729504072,-0.239860725,true,-0.607335263,0.641403066,0.233508248,22
13.416984,6.076665923,7.736556682,-0.236543653,true,-0.607335263,0.628074871,0.261779145,22
13.436923,6.045264984,7.743883992,-0.231509325,true,-0.607335263,0.587213060,0.291477044,22
13.460780,6.005185333,7.749840277,-0.224658804,true,-0.607335263,0.539418594,0.315286144,22
13.479258,5.970193107,7.752084027,-0.218504726,true,-0.607335263,0.531403005,0.324826244,22
13.497275,5.941364617,7.751961107,-0.213311002,true,-0.607335263,0.530227142,0.328029759,22
13.516491,5.904509034,7.749311062,-0.206636995,true,-0.607335263,0.488000888,0.329265455,22
13.540158,5.859417944,7.742300758,-0.198470956,true,-0.607335263,0.441122282,0.324757861,22
13.559260,5.821405098,7.733244572,-0.191711897,true,-0.607335263,0.441949801,0.315344688,22
13.579810,5.783223845,7.721325786,-0.185204711,true,-0.607335263,0.426206353,0.304349852,22
13.600080,5.745059378,7.706641036,-0.178960041,true,-0.607335263,0.411410077,0.292650520,22
13.619946,5.707067985,7.689303718,-0.172935149,true,-0.607335263,0.396632068,0.280181931,22
13.636586,5.676852503,7.673674996,-0.168330274,true,-0.607335263,0.404117682,0.269710116,22
13.659442,5.631631099,7.647997705,-0.161623629,true,-0.607335263,0.352471219,0.256660461,22
13.678476,5.601325572,7.629908225,-0.157351634,true,-0.607335263,0.376174984,0.248553466,22
13.698907,5.562876915,7.606930407,-0.152178508,true,-0.607335263,0.328086774,0.240406680,22
13.719353,5.515562379,7.579461990,-0.146100199,true,-0.607335263,0.331202503,0.229883020,22
13.738504,5.474884602,7.557194721,-0.141263381,true,-0.607335263,0.319437874,0.221655296,22
13.759489,5.432924283,7.535865143,-0.136610207,true,-0.607335263,0.308233014,0.214598444,22
13.778617,5.389631708,7.515709128,-0.132148592,true,-0.607335263,0.297721544,0.208411531,22
13.796453,5.354059524,7.500496690,-0.128747918,true,-0.607335263,0.303433651,0.204927422,22
13.816486,5.308482777,7.482639961,-0.124585786,true,-0.607335263,0.279525368,0.203105342,22
13.839264,5.252232855,7.462981034,-0.119593749,true,-0.607335263,0.252100693,0.202658849,22
13.856511,5.213870811,7.450746547,-0.116320691,true,-0.607335263,0.268066202,0.205191999,22
13.877287,5.165003445,7.436276890,-0.112080960,true,-0.607335263,0.240846925,0.210111348,22
13.899877,5.105829638,7.420567212,-0.106972590,true,-0.607335263,0.212492217,0.210757594,22
13.916343,5.066548117,7.411154109,-0.103582565,true,-0.607335263,0.228097323,0.207195087,22
13.939407,5.008686878,7.398729049,-0.098634356,true,-0.607335263,0.189879926,0.206227587,22
13.959548,4.961727987,7.390098240,-0.094571133,true,-0.607335263,0.190965058,0.200755453,22
13.979845,4.916441047,7.383001748,-0.090662900,true,-0.607335263,0.181565200,0.196198554,22
13.998905,4.881659342,7.378500599,-0.087657164,true,-0.607335263,0.186085458,0.193223421,22
14.016265,4.840330492,7.374616132,-0.083954646,true,-0.607335263,0.164526171,0.192723149,22
14.040507,4.794185413,7.372829657,-0.079635411,true,-0.607335263,0.142317712,0.190059520,22
14.059833,4.758800107,7.373385856,-0.076064289,true,-0.607335263,0.142826033,0.185288348,22
14.078935,4.726549680,7.375539874,-0.072710433,true,-0.607335263,0.136023464,0.184749367,22
14.099841,4.697543867,7.379145016,-0.069425653,true,-0.607335263,0.127205252,0.185881104,22
14.119925,4.671523609,7.383608685,-0.066196363,true,-0.607335263,0.118349739,0.184941073,22
14.138828,4.652614579,7.387378224,-0.063603732,true,-0.607335263,0.120121727,0.181797166,22
14.158578,4.626865604,7.392724992,-0.059712051,true,-0.607335263,0.088960942,0.173090064,22
14.179558,4.607384840,7.396668348,-0.056639252,true,-0.607335263,0.092025764,0.160622029,22
14.199847,4.589851485,7.400047234,-0.053779335,true,-0.607335263,0.086639254,0.151262297,22
14.219681,4.573972931,7.402706284,-0.051061987,true,-0.607335263,0.080625744,0.143269245,22
14.237521,4.562342770,7.404307600,-0.049044232,true,-0.607335263,0.085066376,0.136858064,22
14.256720,4.548985824,7.405714166,-0.046612983,true,-0.607335263,0.071570206,0.129128120,22
14.279533,4.534440228,7.406678904,-0.043864590,true,-0.607335263,0.058567875,0.119756464,22
14.299276,4.523644956,7.406984008,-0.041759500,true,-0.607335263,0.061902157,0.114912567,22
14.317440,4.515883121,7.406981365,-0.040149338,true,-0.607335263,0.064495584,0.110920611,22
14.339417,4.505321160,7.406781036,-0.037783019,true,-0.607335263,0.046054265,0.103022588,22
14.359234,4.497364418,7.406527842,-0.035942091,true,-0.607335263,0.048412348,0.096333165,22
14.378754,4.491634059,7.406297635,-0.034603661,true,-0.607335263,0.046001620,0.091224963,22
14.399516,4.483876099,7.405987738,-0.032691087,true,-0.607335263,0.042528748,0.083945198,22
14.419670,4.478103658,7.405797300,-0.031768182,true,-0.607335263,0.049660974,0.043129545,22
14.437947,4.473909304,7.405703823,-0.031767991,true,-0.607335263,0.063501107,0.042908728,22
14.456802,4.469120656,7.405659689,-0.031767902,true,-0.607335263,0.063502376,0.044439262,22
14.479485,4.463948918,7.405698775,-0.031772960,true,-0.607335263,0.063594748,0.050250018,22
14.498979,4.460166626,7.405794366,-0.031775586,true,-0.607335263,0.063566151,0.062170902,22
14.518375,4.457504900,7.405897908,-0.031772863,true,-0.607335263,0.063477747,0.063981110,22
14.539184,4.453945224,7.406066672,-0.031779448,false,-0.607335263,0.000000000,0.057769266,22
14.558144,4.451815990,7.406176698,-0.031782602,false,-0.607335263,0.000000000,0.051497478,22
14.579398,4.449151192,7.406322096,-0.031781999,false,-0.607335263,0.000000000,0.042436324,22
14.598783,4.447338882,7.406425305,-0.031782129,false,-0.607335263,0.000000000,0.035920044,22
14.617075,4.446106348,7.406497016,-0.031777415,false,-0.607335263,0.000000000,0.031405503,22
14.640429,4.444551663,7.406588747,-0.031778072,false,-0.607335263,0.000000000,0.025762388,22
14.658682,4.443474983,7.406652948,-0.031779213,false,-0.607335263,0.000000000,0.021965909,22
14.677131,4.442729549,7.406697634,-0.031780647,false,-0.607335263,0.000000000,0.019430807,22
14.700336,4.441767938,7.406755481,-0.031777962,false,-0.607335263,0.000000000,0.016329023,22
14.717728,4.441212570,7.406788970,-0.031774669,false,-0.607335263,0.000000000,0.014650518,22
14.739028,4.440596346,7.406826178,-0.031774015,false,-0.607335263,0.000000000,0.012910552,22
14.759941,4.439949593,7.406865272,-0.031774915,false,-0.607335263,0.000000000,0.011251834,22
14.778132,4.439563866,7.406888602,-0.031777291,false,-0.607335263,0.000000000,0.010357097,22
14.796221,4.439123045,7.406915275,-0.031776809,false,-0.607335263,0.000000000,0.009431478,22
14.818854,4.438643193,7.406944318,-0.031779366,false,-0.607335263,0.000000000,0.008550309,22
14.836724,4.438347369,7.406962226,-0.031781206,false,-0.607335263,0.000000000,0.008075508,22
14.857595,4.437999523,7.406983286,-0.031782157,false,-0.607335263,0.000000000,0.007574985,22
14.877388,4.437673009,7.407003054,-0.031779883,false,-0.607335263,0.000000000,0.007112428,22
14.898904,4.437366440,7.407021615,-0.031775401,false,-0.607335263,0.000000000,0.006678053,22
14.917484,4.437078599,7.407039043,-0.031775269,false,-0.607335263,0.000000000,0.006270169,22
14.940485,4.436756305,7.407058557,-0.031777123,false,-0.607335263,0.000000000,0.005813424,22
14.958849,4.436554594,7.407070770,-0.031778366,false,-0.607335263,0.000000000,0.005527555,22
14.979314,4.436270474,7.407087973,-0.031777330,false,-0.607335263,0.000000000,0.005124881,22
14.999259,4.436049583,7.407101348,-0.031774664,false,-0.607335263,0.000000000,0.004811815,22
15.018596,4.435882627,7.407111457,-0.031778356,false,-0.607335263,0.000000000,0.004575187,22
15.036934,4.435685430,7.407123397,-0.031776243,false,-0.607335263,0.000000000,0.004295697,22
15.057425,4.435500279,7.407134607,-0.031778495,false,-0.607335263,0.000000000,0.004033279,22
15.078815,4.435326439,7.407145133,-0.031780518,false,-0.607335263,0.000000000,0.003786892,22
15.099830,4.435131791,7.407156920,-0.031780000,false,-0.607335263,0.000000000,0.003511012,22
15.119676,4.434980462,7.407166083,-0.031778733,false,-0.607335263,0.000000000,0.003296528,22
15.139228,4.434838377,7.407174686,-0.031781413,false,-0.607335263,0.000000000,0.003095147,22
15.156644,4.434730985,7.407181189,-0.031780503,false,-0.607335263,0.000000000,0.002942936,22
15.178150,4.434604140,7.407188870,-0.031778793,false,-0.607335263,0.000000000,0.002763156,22
15.199523,4.434462113,7.407197470,-0.031781054,false,-0.607335263,0.000000000,0.002561856,22
15.219650,4.434351693,7.407204156,-0.031781689,false,-0.607335263,0.000000000,0.002405355,22
15.237710,4.434268235,7.407209210,-0.031781833,false,-0.607335263,0.000000000,0.002287066,22
15.258854,4.434150679,7.407216329,-0.031781534,false,-0.607335263,0.000000000,0.002120450,22
15.279101,4.434059284,7.407221863,-0.031778954,false,-0.607335263,0.000000000,0.001990914,22
15.298927,4.433973473,7.407227059,-0.031775135,false,-0.607335263,0.000000000,0.001869291,22
15.318038,4.433908614,7.407230986,-0.031772955,false,-0.607335263,0.000000000,0.001777365,22
15.339360,4.433817257,7.407236517,-0.031772533,false,-0.607335263,0.000000000,0.001647881,22
15.358926,4.433746231,7.407240817,-0.031775425,false,-0.607335263,0.000000000,0.001547214,22
15.378984,4.433679544,7.407244855,-0.031777581,false,-0.607335263,0.000000000,0.001452696,22
15.399837,4.433616931,7.407248646,-0.031777456,false,-0.607335263,0.000000000,0.001363953,22
15.418544,4.433558142,7.407252206,-0.031774012,false,-0.607335263,0.000000000,0.001280630,22
15.436182,4.433513708,7.407254896,-0.031774209,false,-0.607335263,0.000000000,0.001217652,22
15.456492,4.433461226,7.407258074,-0.031776983,false,-0.607335263,0.000000000,0.001143267,22
15.479667,4.433402461,7.407261632,-0.031776600,false,-0.607335263,0.000000000,0.001059979,22
15.496559,4.433365683,7.407263859,-0.031779074,false,-0.607335263,0.000000000,0.001007852,22
15.517385,4.433322244,7.407266489,-0.031777555,false,-0.607335263,0.000000000,0.000946283,22
15.538784,4.433273604,7.407269434,-0.031774826,false,-0.607335263,0.000000000,0.000000000,22
15.556966,4.433270959,7.407272302,-0.031778797,false,-0.607335263,0.000000000,0.000127454,22
15.577514,4.433266143,7.407276914,-0.031779850,false,-0.607335263,0.000000000,0.000151392,22
15.599075,4.433258646,7.407279578,-0.031784740,false,-0.607335263,0.000000000,0.000150200,22
15.616155,4.433253615,7.407280531,-0.031785427,false,-0.607335263,0.000000000,0.000142613,22
15.638940,4.433247592,7.407281294,-0.031786186,false,-0.607335263,0.000000000,0.000133210,22
15.659081,4.433241909,7.407281818,-0.031785872,false,-0.607335263,0.000000000,0.000124620,22
15.679735,4.433235536,7.407282295,-0.031782246,false,-0.607335263,0.000000000,0.000115280,22
15.699441,4.433230578,7.407282626,-0.031779445,false,-0.607335263,0.000000000,0.000108141,22
15.719068,4.433226830,7.407282865,-0.031781500,false,-0.607335263,0.000000000,0.000102785,22
15.737060,4.433222402,7.407283141,-0.031782170,false,-0.607335263,0.000000000,0.000096482,22
15.758763,4.433218245,7.407283396,-0.031782980,false,-0.607335263,0.000000000,0.000090577,22
15.778645,4.433213590,7.407283679,-0.031779795,false,-0.607335263,0.000000000,0.000083973,22
15.798541,4.433209971,7.407283899,-0.031774832,false,-0.607335263,0.000000000,0.000078841,22
15.820209,4.433206573,7.407284105,-0.031775554,false,-0.607335263,0.000000000,0.000074024,22
15.838388,4.433204004,7.407284261,-0.031777924,false,-0.607335263,0.000000000,0.000070384,22
15.859442,4.433200386,7.407284480,-0.031775969,false,-0.607335263,0.000000000,0.000065256,22
15.879171,4.433197574,7.407284650,-0.031780072,false,-0.607335263,0.000000000,0.000061269,22
15.899074,4.433195448,7.407284779,-0.031777939,false,-0.607335263,0.000000000,0.000058256,22
15.916236,4.433192937,7.407284931,-0.031777684,false,-0.607335263,0.000000000,0.000054697,22
15.938678,4.433190126,7.407285101,-0.031776709,false,-0.607335263,0.000000000,0.000050713,22
15.959468,4.433187940,7.407285233,-0.031773265,false,-0.607335263,0.000000000,0.000047615,22
15.979991,4.433185888,7.407285358,-0.031774641,false,-0.607335263,0.000000000,0.000044706,22
15.999223,4.433183961,7.407285474,-0.031775023,false,-0.607335263,0.000000000,0.000041975,22
16.019371,4.433182152,7.407285584,-0.031770426,false,-0.607335263,0.000000000,0.000039411,22
16.039531,4.433180453,7.407285687,-0.031769343,false,-0.607335263,0.000000000,0.000000000,22
16.056491,4.433180341,7.407285808,-0.031769936,false,-0.607335263,0.000000000,0.000005376,22
16.080025,4.433180088,7.407286028,-0.031767275,false,-0.607335263,0.000000000,0.000006444,22
16.098260,4.433179876,7.407286101,-0.031767508,false,-0.607335263,0.000000000,0.000006404,22
16.118730,4.433179610,7.407286155,-0.031767349,false,-0.607335263,0.000000000,0.000006015,22
16.139257,4.433179307,7.407286192,-0.031762725,false,-0.607335263,0.000000000,0.000005543,22
16.158345,4.433179116,7.407286209,-0.031765758,false,-0.607335263,0.000000000,0.000005256,22
16.178748,4.433178847,7.407286229,-0.031766282,false,-0.607335263,0.000000000,0.000004862,22
16.199357,4.433178638,7.407286243,-0.031768678,false,-0.607335263,0.000000000,0.000004512,22
16.219637,4.433178447,7.407286256,-0.031765460,false,-0.607335263,0.000000000,0.000004105,22
16.239379,4.433178273,7.407286268,-0.031768328,false,-0.607335263,0.000000000,0.000003705,22
16.259382,4.433178115,7.407286278,-0.031770449,false,-0.607335263,0.000000000,0.000003366,22
16.279739,4.433177973,7.407286288,-0.031772416,false,-0.607335263,0.000000000,0.000003009,22
16.299986,4.433177847,7.407286297,-0.031772085,false,-0.607335263,0.000000000,0.000002655,22
16.319815,4.433177736,7.407286305,-0.031770863,false,-0.607335263,0.000000000,0.000002301,22
16.337890,4.433177658,7.407286310,-0.031769373,false,-0.607335263,0.000000000,0.000002066,22
16.359410,4.433177558,7.407286318,-0.031769531,false,-0.607335263,0.000000000,0.000001686,22
16.377516,4.433177502,7.407286322,-0.031767785,false,-0.607335263,0.000000000,0.000001431,22
16.396425,4.433177445,7.407286327,-0.031763498,false,-0.607335263,0.000000000,0.000001108,22
16.420582,4.433177392,7.407286332,-0.031767526,false,-0.607335263,0.000000000,0.000000812,22
16.437110,4.433177366,7.407286334,-0.031764725,false,-0.607335263,0.000000000,0.000000577,22
16.459563,4.433177344,7.407286338,-0.031763481,false,-0.607335263,0.000000000,0.000000332,22
16.479857,4.433177331,7.407286342,-0.031764314,false,-0.607335263,0.000000000,0.000000303,22
16.498293,4.433177320,7.407286344,-0.031762592,false,-0.607335263,0.000000000,0.000000233,22
16.516194,4.433177316,7.407286346,-0.031764023,false,-0.607335263,0.000000000,-0.000000051,22
16.540650,4.433177325,7.407286346,-0.031761470,false,-0.607335263,0.000000000,0.000000000,22
16.558192,4.433177326,7.407286346,-0.031761544,false,-0.607335263,0.000000000,-0.000000041,22
16.579263,4.433177328,7.407286346,-0.031757819,false,-0.607335263,0.000000000,-0.000000044,22
16.596275,4.433177330,7.407286346,-0.031756235,false,-0.607335263,0.000000000,-0.000000046,22
16.618378,4.433177332,7.407286346,-0.031756051,false,-0.607335263,0.000000000,-0.000000049,22
16.637114,4.433177334,7.407286346,-0.031759685,false,-0.607335263,0.000000000,-0.000000051,22
16.658563,4.433177337,7.407286346,-0.031758900,false,-0.607335263,0.000000000,-0.000000055,22
16.679688,4.433177339,7.407286346,-0.031756174,false,-0.607335263,0.000000000,-0.000000058,22
16.699819,4.433177342,7.407286346,-0.031754718,false,-0.607335263,0.000000000,-0.000000061,22
16.716899,4.433177344,7.407286345,-0.031753772,false,-0.607335263,0.000000000,-0.000000064,22
16.739265,4.433177348,7.407286345,-0.031751111,false,-0.607335263,0.000000000,-0.000000068,22
16.757832,4.433177350,7.407286345,-0.031751884,false,-0.607335263,0.000000000,-0.000000071,22
16.777620,4.433177353,7.407286345,-0.031749992,false,-0.607335263,0.000000000,-0.000000075,22
16.798562,4.433177357,7.407286345,-0.031751394,false,-0.607335263,0.000000000,-0.000000080,22
16.817970,4.433177360,7.407286345,-0.031750087,false,-0.607335263,0.000000000,-0.000000084,22
16.839573,4.433177365,7.407286344,-0.031755590,false,-0.607335263,0.000000000,-0.000000090,22
16.858737,4.433177368,7.407286344,-0.031756318,false,-0.607335263,0.000000000,-0.000000094,22
16.876586,4.433177373,7.407286344,-0.031758035,false,-0.607335263,0.000000000,-0.000000099,22
16.897828,4.433177377,7.407286344,-0.031760787,false,-0.607335263,0.000000000,-0.000000105,22
16.920314,4.433177383,7.407286343,-0.031757718,false,-0.607335263,0.000000000,-0.000000112,22
16.939247,4.433177388,7.407286343,-0.031754858,false,-0.607335263,0.000000000,-0.000000118,22
16.959867,4.433177393,7.407286343,-0.031753120,false,-0.607335263,0.000000000,-0.000000124,22
16.978550,4.433177398,7.407286343,-0.031751706,false,-0.607335263,0.000000000,-0.000000130,22
16.998936,4.433177405,7.407286342,-0.031753602,false,-0.607335263,0.000000000,-0.000000139,22
17.019251,4.433177411,7.407286342,-0.031754401,false,-0.607335263,0.000000000,-0.000000147,22
17.038638,4.433177416,7.407286342,-0.031751497,false,-0.607335263,0.000000000,-0.000000153,22
17.057187,4.433177418,7.407286341,-0.031751002,false,-0.607335263,0.000000000,-0.000000024,22
17.080010,4.433177419,7.407286341,-0.031751314,false,-0.607335263,0.000000000,-0.000000025,22
17.099751,4.433177421,7.407286341,-0.031756333,false,-0.607335263,0.000000000,-0.000000027,22
17.119124,4.433177422,7.407286341,-0.031754594,false,-0.607335263,0.000000000,-0.000000028,22
17.137267,4.433177423,7.407286341,-0.031757667,false,-0.607335263,0.000000000,-0.000000029,22
17.160107,4.433177424,7.407286341,-0.031762057,false,-0.607335263,0.000000000,-0.000000031,22
17.176237,4.433177426,7.407286341,-0.031760454,false,-0.607335263,0.000000000,-0.000000033,22
17.197330,4.433177427,7.407286341,-0.031766002,false,-0.607335263,0.000000000,-0.000000035,22
17.219254,4.433177429,7.407286341,-0.031765420,false,-0.607335263,0.000000000,-0.000000037,22
17.237259,4.433177430,7.407286341,-0.031765214,false,-0.607335263,0.000000000,-0.000000038,22
17.256887,4.433177432,7.407286341,-0.031762089,false,-0.607335263,0.000000000,-0.000000041,22
17.276217,4.433177434,7.407286341,-0.031763140,false,-0.607335263,0.000000000,-0.000000043,22
17.296159,4.433177436,7.407286340,-0.031763522,false,-0.607335263,0.000000000,-0.000000045,22
17.320586,4.433177438,7.407286340,-0.031764719,false,-0.607335263,0.000000000,-0.000000048,22
17.336970,4.433177440,7.407286340,-0.031765342,false,-0.607335263,0.000000000,-0.000000051,22
17.356340,4.433177442,7.407286340,-0.031763624,false,-0.607335263,0.000000000,-0.000000053,22
17.379310,4.433177445,7.407286340,-0.031765090,false,-0.607335263,0.000000000,-0.000000057,22
17.397208,4.433177447,7.407286340,-0.031762124,false,-0.607335263,0.000000000,-0.000000060,22
17.416393,4.433177450,7.407286340,-0.031760676,false,-0.607335263,0.000000000,-0.000000063,22
17.438869,4.433177453,7.407286340,-0.031763333,false,-0.607335263,0.000000000,-0.000000066,22
17.459501,4.433177456,7.407286339,-0.031762981,false,-0.607335263,0.000000000,-0.000000071,22
17.480011,4.433177460,7.407286339,-0.031760478,false,-0.607335263,0.000000000,-0.000000075,22
17.499848,4.433177463,7.407286339,-0.031760052,false,-0.607335263,0.000000000,-0.000000079,22
17.520029,4.433177467,7.407286339,-0.031761279,false,-0.607335263,0.000000000,-0.000000084,22
17.539343,4.433177470,7.407286339,-0.031764579,false,-0.607335263,0.000000000,0.000000000,22
17.557482,4.433177471,7.407286339,-0.031762166,false,-0.607335263,0.000000000,-0.000000013,22
