history_index,x_meters,y_meters
0,4.42627,7.40708
1,4.426353778,7.407079037
2,4.428955536,7.407040224
3,4.432937262,7.406968062
4,4.438639548,7.406855276
5,4.447694581,7.406665746
6,4.457036252,7.406463169
7,4.465656443,7.406272769
8,4.477832716,7.406000513
9,4.494449204,7.40562488
10,4.509923808,7.405272285
11,4.526839652,7.404884667
12,4.545161711,7.404462724
13,4.56485581,7.404007195
14,4.585888605,7.403518667
15,4.603656811,7.403104476
16,4.631840929,7.402444869
17,4.65669774,7.401860678
18,4.682767769,7.40124562
19,4.710021528,7.400600095
20,4.738430243,7.399924447
21,4.767965848,7.399219386
22,4.798600949,7.3984852
23,4.830308822,7.397722294
24,4.863063391,7.396931088
25,4.896839215,7.39611202
26,4.92457848,7.395437063
27,4.960130422,7.394569112
28,5.004049016,7.393492593
29,5.034070938,7.392754095
30,5.072413735,7.391807869
31,5.119591963,7.390639227
32,5.151734117,7.389840437
33,5.192669189,7.38882029
34,5.234426703,7.387776754
35,5.285593228,7.386493961
36,5.329090429,7.385400045
37,5.373347796,7.384283878
38,5.418346855,7.383145901
39,5.46406959,7.381986911
40,5.501156994,7.381044962
41,5.557616168,7.37960771
42,5.605406103,7.378388117
43,5.653851889,7.377149231
44,5.693070008,7.376144565
45,5.752647646,7.374615208
46,5.792855017,7.373580861
47,5.853880492,7.372007618
48,5.905374031,7.370677119
49,5.957433395,7.369328918
50,6.010044828,7.367963187
51,6.063194902,7.366579832
52,6.11687051,7.365178672
53,6.16018078,7.364044845
54,6.214770341,7.362611276
55,6.26985039,7.361158603
56,6.336577064,7.359388242
57,6.392694451,7.357888036
58,6.449228371,7.356320406
59,6.505873101,7.354460011
60,6.550838889,7.35244388
61,6.606088893,7.348656973
62,6.659888003,7.342858462
63,6.722029109,7.332518437
64,6.771428277,7.320706892
65,6.818338474,7.305791275
66,6.853901515,7.291530345
67,6.895558716,7.270570091
68,6.941065562,7.240876691
69,6.975366303,7.212930869
70,7.001141705,7.189263135
71,7.038115416,7.15268912
72,7.067988843,7.121803623
73,7.097545996,7.091051742
74,7.127152245,7.060778588
75,7.151038311,7.037058094
76,7.181287406,7.008166124
77,7.218260387,6.974695577
78,7.24333701,6.953123117
79,7.281607807,6.921871963
80,7.307544758,6.901755263
81,7.347051674,6.872582374
82,7.373756724,6.853757279
83,7.414295518,6.826325712
84,7.448467195,6.804127668
85,7.48295527,6.782458555
86,7.510754485,6.765473189
87,7.545740054,6.744632787
88,7.588045028,6.720166295
89,7.60932275,6.708148908
90,7.666444748,6.676791158
91,7.708661014,6.652631682
92,7.741873814,6.630230175
93,7.766742522,6.610581543
94,7.800644865,6.57822194
95,7.825330635,6.548763981
96,7.842586316,6.523792185
97,7.860993907,6.491143008
98,7.878174788,6.450285289
99,7.888164835,6.41520349
100,7.894241021,6.379544235
101,7.896312217,6.350799401
102,7.894757498,6.307615099
103,7.889214109,6.27184385
104,7.880041449,6.23641828
105,7.870615889,6.208214259
106,7.854256765,6.165849834
107,7.8394616,6.130333885
108,7.824464664,6.094435802
109,7.812759297,6.065354095
110,7.798942179,6.028487772
111,7.78394609,5.983488125
112,7.773016716,5.945398649
113,7.765474335,5.914575851
114,7.757623119,5.875666336
115,7.750546784,5.828520767
116,7.746257034,5.789119521
117,7.742347962,5.750272558
118,7.738053972,5.712466303
119,7.732779537,5.676172685
120,7.727516496,5.648584486
121,7.719213945,5.61647315
122,7.70644066,5.581992787
123,7.693389077,5.557129197
124,7.678177757,5.53645038
125,7.664673451,5.523273784
126,7.642947119,5.509760454
127,7.624602514,5.504322255
128,7.606932889,5.503542535
129,7.590410695,5.506716534
130,7.575137018,5.513147728
131,7.560962575,5.522380459
132,7.547597418,5.534272312
133,7.534851727,5.54878614
134,7.522771542,5.565723801
135,7.511447275,5.584782651
136,7.500831114,5.605727253
137,7.490840623,5.628369529
138,7.483241431,5.647609406
139,7.472374237,5.678198884
140,7.463748773,5.705182372
141,7.457048985,5.727677758
142,7.447156132,5.762828153
143,7.438880863,5.79331919
144,7.432075012,5.81842447
145,7.423180637,5.850629697
146,7.413712559,5.883700602
147,7.401356857,5.924419597
148,7.390101644,5.959133933
149,7.377900016,5.994494986
150,7.364709415,6.030452687
151,7.350508604,6.066960812
152,7.3352909,6.103977266
153,7.319056213,6.141462479
154,7.305339578,6.171763319
155,7.287298796,6.210007088
156,7.264353726,6.256400792
157,7.244171499,6.295442927
158,7.223057105,6.33480881
159,7.205517834,6.366527695
160,7.178162737,6.414467154
161,7.154417697,6.454721978
162,7.134841876,6.487121512
163,7.109694284,6.52787152
164,7.07856251,6.577133442
165,7.051871429,6.618480791
166,7.024560064,6.660107642
167,6.996670203,6.702027809
168,6.97397498,6.735785718
169,6.939360199,6.786819952
170,6.915930421,6.821115016
171,6.886304058,6.864305973
172,6.850266078,6.9166029
173,6.819889546,6.960590364
174,6.79542658,6.996077112
175,6.758563332,7.049864361
176,6.727726477,7.095209043
177,6.696865853,7.141058202
178,6.66611181,7.187490965
179,6.635350959,7.234384648
180,6.61015833,7.271791765
181,6.5702987,7.327073092
182,6.534733838,7.372035268
183,6.496746006,7.41568706
184,6.456179962,7.457809578
185,6.413098428,7.498028814
186,6.367714699,7.535890714
187,6.329895901,7.564208127
188,6.286262679,7.593128234
189,6.273281351,7.60048871
190,6.261413739,7.607156469
191,6.240711051,7.617598336
192,6.224995766,7.624306016
193,6.198956386,7.633266282
194,6.175216823,7.639250931
195,6.152471573,7.643133765
196,6.130482189,7.645286581
197,6.107211366,7.645886186
198,6.087662509,7.645095968
199,6.057007933,7.641588438
200,6.030444611,7.63638442
201,6.003127044,7.629107749
202,5.975207079,7.619764061
203,5.946765901,7.608516081
204,5.923589943,7.598458544
205,5.887930798,7.582246086
206,5.857281021,7.568054679
207,5.825649208,7.553596806
208,5.792948822,7.539132747
209,5.759122376,7.524870969
210,5.731230192,7.513716651
211,5.695320643,7.500196566
212,5.65071785,7.484700342
213,5.612298922,7.472514072
214,5.572771122,7.46105856
215,5.540373529,7.45245586
216,5.498942442,7.442425527
217,5.447907441,7.431488142
218,5.413116772,7.424875779
219,5.359833772,7.41596928
220,5.314471563,7.409473844
221,5.258954516,7.402751411
222,5.211827031,7.398016392
223,5.16395089,7.394040247
224,5.125133739,7.391389833
225,5.075993965,7.388710106
226,5.026194117,7.386711706
227,4.965598965,7.385165315
228,4.924715052,7.384628656
229,4.862687618,7.384512189
230,4.820884608,7.384875041
231,4.768139303,7.385781837
232,4.704148357,7.387501785
233,4.6502603,7.389438369
234,4.606794117,7.39131633
235,4.541021279,7.394661777
236,4.496796771,7.397213526
237,4.429935758,7.401451922
238,4.37418191,7.405288364
239,4.330059772,7.408501331
240,4.276054284,7.412711909
241,4.213463573,7.417989121
242,4.163518134,7.422319436
243,4.125218091,7.425535053
244,4.079647249,7.429021337
245,4.036889189,7.431591737
246,3.989553754,7.432936067
247,3.960448799,7.432529857
248,3.920968851,7.429063727
249,3.897645757,7.424442851
250,3.872520045,7.415479199
251,3.852545636,7.403351541
252,3.837988663,7.389433639
253,3.8270541,7.372673818
254,3.819572979,7.361375496
255,3.811904245,7.352936266
256,3.804844978,7.346731717
257,3.800091037,7.342963177
258,3.794755263,7.338897721
259,3.792000226,7.336826431
260,3.790893086,7.335990956
261,3.790845166,7.335955919
262,3.792675604,7.337391471
263,3.795707635,7.339818099
264,3.799081838,7.342561205
265,3.805669038,7.347999168
266,3.811047479,7.352494948
267,3.820562225,7.360504174
268,3.829798778,7.368294497
269,3.838040806,7.375218365
270,3.849414165,7.384683198
271,3.864640499,7.397143609
272,3.878653298,7.408367561
273,3.890739786,7.417842978
274,3.910347594,7.432789447
275,3.928095259,7.445777764
276,3.94727887,7.458956939
277,3.968034304,7.47202659
278,3.990469762,7.484672363
279,4.009676268,7.494268045
280,4.035300105,7.505299855
281,4.068403091,7.516678284
282,4.097841618,7.524336817
283,4.128847968,7.530034754
284,4.154681509,7.533010404
285,4.194927468,7.534512821
286,4.222595993,7.533399226
287,4.257928112,7.529672521
288,4.30116951,7.521873247
289,4.330425309,7.514935662
290,4.375133403,7.503286514
291,4.405591722,7.495231815
292,4.452429586,7.483508686
293,4.484450844,7.476137987
294,4.53364721,7.46581213
295,4.575669886,7.457860203
296,4.618581698,7.450458141
297,4.653526828,7.444908648
298,4.706930542,7.437163851
299,4.743168616,7.432372253
300,4.789155013,7.426770493
301,4.835882332,7.421576717
302,4.8833259,7.416766178
303,4.931462426,7.412313784
304,4.990110137,7.407408847
305,5.039695809,7.403660567
306,5.079816535,7.400864714
307,5.140728855,7.39697728
308,5.192140421,7.393998564
309,5.233683825,7.391769184
310,5.286117215,7.38915457
311,5.339096555,7.386714565
312,5.392607158,7.384430763
313,5.446634896,7.382285316
314,5.501166175,7.380261488
315,5.556187906,7.378343871
316,5.611687459,7.376518351
317,5.678900481,7.374430834
318,5.735413084,7.37276403
319,5.78102442,7.371467272
320,5.850120962,7.369570396
321,5.908264688,7.368027451
322,5.966928714,7.36651404
323,6.02615658,7.365071787
324,6.085859585,7.363751177
325,6.133911218,7.362793309
326,6.194281101,7.361707468
327,6.267099077,7.360534698
328,6.32803697,7.359611435
329,6.376925781,7.358849099
330,6.450448801,7.357563453
331,6.499563318,7.356377937
332,6.560970714,7.353353473
333,6.634178958,7.346194437
334,6.682432637,7.338857918
335,6.74177113,7.326459572
336,6.799665534,7.310191425
337,6.866765104,7.285431651
338,6.920325872,7.260373799
339,6.961535651,7.237489193
340,7.010922476,7.205353434
341,7.057820315,7.169331699
342,7.102312193,7.129736108
343,7.153252046,7.07872195
344,7.186381386,7.043374152
345,7.236173765,6.989650952
346,7.269885779,6.953874163
347,7.313183062,6.909762769
348,7.358071157,6.866803421
349,7.414265062,6.81734132
350,7.46315243,6.778249891
351,7.503617769,6.748565045
352,7.566538966,6.70690329
353,7.620984592,6.674982579
354,7.665663599,6.651122488
355,7.722150619,6.622020723
356,7.789849859,6.586495327
357,7.834443143,6.56177784
358,7.888871962,6.529247434
359,7.941350681,6.494728138
360,7.991418638,6.458198794
361,8.038707716,6.419726871
362,8.082931886,6.379532419
363,8.131617833,6.32940941
364,8.168335798,6.286338061
365,8.195044297,6.251247738
366,8.230391303,6.19795003
367,8.250729991,6.162160638
368,8.272370436,6.117482183
369,8.289676204,6.073164203
370,8.302554097,6.029556682
371,8.312283203,5.97866847
372,8.315689947,5.937862476
373,8.314920411,5.898922062
374,8.310089482,5.862214631
375,8.301368175,5.828098271
376,8.291727341,5.802908044
377,8.276565016,5.774323896
378,8.25426375,5.74459291
379,8.232773018,5.723720496
380,8.209098774,5.70631053
381,8.18880858,5.694795491
382,8.156301446,5.681340384
383,8.127451605,5.673533139
384,8.096967745,5.668544895
385,8.071437721,5.666466656
386,8.038419349,5.666055726
387,7.997465822,5.66855962
388,7.962395518,5.672795219
389,7.933761822,5.677216914
390,7.89726219,5.683725022
391,7.860091599,5.69165082
392,7.822432936,5.701393211
393,7.776917115,5.715903103
394,7.738960527,5.730453182
395,7.708722554,5.743686331
396,7.663887366,5.766144735
397,7.634510376,5.78278153
398,7.598584112,5.805354335
399,7.563629529,5.829800409
400,7.522853306,5.861624994
401,7.496329221,5.884393434
402,7.463966096,5.914680388
403,7.432676605,5.947116152
404,7.402620475,5.981756217
405,7.373872976,6.018516699
406,7.340897694,6.065047065
407,7.314373006,6.105468048
408,7.288359807,6.147067457
409,7.267747891,6.181039301
410,7.236927399,6.232954598
411,7.211198695,6.276985887
412,7.190502072,6.312670643
413,7.159191489,6.366872087
414,7.132808453,6.412604265
415,7.106087258,6.458810468
416,7.079021495,6.505459162
417,7.046104692,6.56200519
418,7.018232002,6.609535883
419,6.989964772,6.657429782
420,6.961347027,6.705688613
421,6.926584713,6.764081078
422,6.897283678,6.813138803
423,6.855749499,6.882405881
424,6.825752714,6.93229866
425,6.783355106,7.002698551
426,6.758926794,7.043228767
427,6.728200348,7.094196247
428,6.697307923,7.145511004
429,6.666312223,7.197202763
430,6.635026842,7.249148573
431,6.602686977,7.300863058
432,6.568726968,7.351991453
433,6.532742032,7.402257594
434,6.494414464,7.451020623
435,6.445300305,7.506781268
436,6.410760653,7.541977622
437,6.365767546,7.583429909
438,6.318914499,7.621760001
439,6.270381213,7.656613418
440,6.220393635,7.68774116
441,6.169235497,7.715102062
442,6.143673126,7.72654931
443,6.124447993,7.73386164
444,6.098209197,7.742055288
445,6.069851941,7.748651336
446,6.03974689,7.753276443
447,6.002224205,7.755901327
448,5.976519542,7.755762395
449,5.943470054,7.753308273
450,5.909634028,7.748191307
451,5.875238926,7.740416892
452,5.840502638,7.729971158
453,5.805617359,7.716895275
454,5.770744271,7.70127884
455,5.742933802,7.687050389
456,5.69431828,7.659160048
457,5.673387412,7.646348054
458,5.630816238,7.620169691
459,5.601745214,7.602610956
460,5.556799771,7.576687083
461,5.517988447,7.555776673
462,5.477860085,7.535768205
463,5.436390572,7.516854853
464,5.402261075,7.502603549
465,5.349532189,7.482799788
466,5.304289932,7.467683976
467,5.248694678,7.450732022
468,5.210905974,7.440058662
469,5.162905927,7.427454863
470,5.124021585,7.418181279
471,5.065699413,7.405816653
472,5.027138292,7.398688607
473,4.970514203,7.38984119
474,4.924722586,7.384471934
475,4.880689858,7.380616124
476,4.846994518,7.378516577
477,4.799554532,7.377119908
478,4.763009538,7.377568221
479,4.729446174,7.379220302
480,4.704877288,7.381360247
481,4.671776037,7.385637726
482,4.64702091,7.389589327
483,4.629123059,7.392793122
484,4.605058015,7.397201199
485,4.587227726,7.400281201
486,4.57116574,7.402718366
487,4.55668184,7.404504979
488,4.543619832,7.405699033
489,4.531845273,7.406397673
490,4.521237276,7.406714394
491,4.511683707,7.406762702
492,4.503080013,7.406644531
493,4.495329481,7.406444555
494,4.488344069,7.406224971
495,4.482044805,7.406025507
496,4.476361996,7.405870894
497,4.471276088,7.405780409
498,4.466708991,7.405758943
499,4.462636149,7.405800097
500,4.459740124,7.405867727
501,4.455798635,7.405998816
