search,number,label,translation_kp,translation_kd,cross_track_kp,cross_track_kd,failed,score,rms_cm,p95_cm,max_cm,duration_seconds
search-01,1,baseline,5,0.5,5,0,false,0.5391642739369645,23.385341016736096,58.99895101406576,64.00516096921285,10.173169000000001
search-01,2,high-cross-damped,5,0.5,10,0.35,false,0.5135671913422246,22.276012628300318,55.185634695252105,63.3173808346936,10.131026
search-01,3,slower-damped-high-cross,3.5,0.85,12,0.6,false,0.5399755992879022,23.341686981217865,59.28354661949946,64.22871571904358,10.238137000000002
search-01,4,responsive-cross,6,0.25,9,0.15,false,0.5278026119928427,22.80209278585241,57.79472893501574,63.14378810407389,10.14754
search-01,5,poll0-TRANSLATION_KP-plus,6.5,0.5,10,0.35,false,0.5322039935744807,23.173399339700968,57.33983659635877,64.63243248149892,10.026567
search-01,6,poll0-TRANSLATION_KP-minus,3.5,0.5,10,0.35,false,0.5089202757399007,21.89661697268342,56.04175739516205,60.62293327110183,10.063863000000001
search-01,7,poll0-TRANSLATION_KD-plus,5,0.75,10,0.35,false,0.5568099203534103,23.79392734709068,60.84640646704407,68.64947086446941,10.408459
search-01,8,poll0-TRANSLATION_KD-minus,5,0.25,10,0.35,false,0.5506689077013177,23.71570270187787,60.26909643261368,66.46442768767186,10.126559
search-01,9,poll0-CROSS_TRACK_KP-plus,5,0.5,13,0.35,false,0.5617933500078983,24.18799321895285,61.7941000247041,67.14244370768593,10.247681
search-01,10,poll0-CROSS_TRACK_KP-minus,5,0.5,7,0.35,false,0.5512159796750656,23.668390863504445,60.08478539238911,67.59216423461297,10.325628
search-01,11,poll0-CROSS_TRACK_KD-plus,5,0.5,10,0.7,false,0.549484495101938,23.461563379308544,59.8183263621675,68.34295333314306,10.276890999999999
search-01,12,poll0-CROSS_TRACK_KD-minus,5,0.5,10,0,false,0.6359985480236963,27.809443867414117,64.08452195209101,87.26228111982684,11.204826
search-01,13,pattern0,2,0.5,10,0.35,false,0.5511877447155363,23.720169475433725,60.01868489803657,67.37721271367928,10.185414000000002
search-01,14,poll1-TRANSLATION_KD-plus,3.5,0.75,10,0.35,true,100,,,,
search-01,15,poll1-TRANSLATION_KD-minus,3.5,0.25,10,0.35,false,0.5043796656578966,21.661827110843987,55.01948106821351,61.66970996745974,10.232142999999999
search-01,16,poll1-CROSS_TRACK_KP-plus,3.5,0.5,13,0.35,false,0.5101947904419619,22.008421584332986,56.0176306703003,60.746150089784415,10.102416999999999
search-02,1,baseline,5,0.5,5,0,false,0.5143957890935311,22.2853399055309,55.34344557547561,63.45794016102647,10.08842
search-02,2,search-start,3.5,0.25,10,0.35,false,0.5483830769046684,23.513978359198777,60.19870755099355,66.57813475318879,10.172663
search-02,3,poll0-TRANSLATION_KP-plus,5.75,0.5,5,0,false,0.49919212142222347,21.55433730061767,54.102579999875,60.94584456047261,10.090403000000002
search-02,4,poll0-TRANSLATION_KP-minus,4.25,0.5,5,0,false,0.5114353833691095,21.949157208977503,56.19907861902309,61.511479602825204,9.926169
search-02,5,poll0-TRANSLATION_KD-plus,5,0.625,5,0,false,0.5250503263977612,22.607186458779342,57.392456575604676,63.481779148334404,10.065577000000001
search-02,6,poll0-TRANSLATION_KD-minus,5,0.375,5,0,false,0.530005290219293,22.88551389797584,57.74675187143614,64.1694405352768,10.203036999999998
search-02,7,poll0-CROSS_TRACK_KP-plus,5,0.5,6.5,0,false,0.5254988210852327,22.54672486378178,57.57314167755159,63.84326324237626,10.076728
search-02,8,poll0-CROSS_TRACK_KP-minus,5,0.5,3.5,0,false,0.5434049246421772,23.436141412086382,58.358844409323915,67.95995833810707,10.19798
search-02,9,poll0-CROSS_TRACK_KD-plus,5,0.5,5,0.175,false,0.5102614461062548,21.966276442272367,56.07832126608987,61.0367868826282,10.036099
search-02,10,pattern0,6.5,0.5,5,0,false,0.5469528447580048,23.478097780127168,59.90924898960337,66.4806522590212,10.274541
search-02,11,poll1-TRANSLATION_KD-plus,5.75,0.625,5,0,false,0.5462336155357589,23.405698075754806,59.20620749396501,68.09895059269691,10.288571
search-02,12,poll1-TRANSLATION_KD-minus,5.75,0.375,5,0,false,0.5258218780810265,22.746503166477567,57.40981253097881,63.15820217386096,10.122917999999999
search-02,13,poll1-CROSS_TRACK_KP-plus,5.75,0.5,6.5,0,false,0.5066257785076144,21.82140757630502,55.53351045477377,60.84057509419261,10.252057999999998
search-02,14,poll1-CROSS_TRACK_KP-minus,5.75,0.5,3.5,0,false,0.5439701869460916,23.355104926657038,58.85727440472833,67.674600112106,10.299567
search-02,15,baseline-repeat1,5,0.5,5,0,false,0.5356219070727966,22.951822701919326,58.390144524558174,65.74920273709336,10.290515
search-02,16,baseline-repeat2,5,0.5,5,0,false,0.5197767764674486,22.39288372945024,56.281186654838535,63.93929578608305,10.097029
search-02,17,finalist0-repeat1,5.75,0.5,5,0,false,0.5494956369791465,23.537249574937675,60.373564289307566,66.58792163915408,10.27581
search-02,18,finalist0-repeat2,5.75,0.5,5,0,false,0.5567780537604686,23.94163089598956,60.895941925049954,67.49342607458956,10.236714
search-02,19,finalist1-repeat1,5.75,0.5,6.5,0,false,0.5399426602938417,23.219926288648175,59.21714003154074,65.13765642881228,10.269731
search-02,20,finalist1-repeat2,5.75,0.5,6.5,0,false,0.523676785706735,22.651236815045337,57.47510183996262,62.085576967702686,10.106743999999999
