translation_kp,translation_kd,cross_track_kp,cross_track_kd,runs,mean_score,mean_rms_cm,mean_p95_cm,mean_max_cm
3.5,0.5,10,0.35,1,0.5089202757399007,21.89661697268342,56.04175739516205,60.62293327110183
3.5,0.5,13,0.35,1,0.5101947904419619,22.008421584332986,56.0176306703003,60.746150089784415
5,0.5,5,0.175,1,0.5102614461062548,21.966276442272367,56.07832126608987,61.0367868826282
4.25,0.5,5,0,1,0.5114353833691095,21.949157208977503,56.19907861902309,61.511479602825204
5,0.5,10,0.35,1,0.5135671913422246,22.276012628300318,55.185634695252105,63.3173808346936
5.75,0.5,6.5,0,3,0.5234150748360638,22.56419022666618,57.408584108759044,62.68793616356919
5,0.625,5,0,1,0.5250503263977612,22.607186458779342,57.392456575604676,63.481779148334404
5,0.5,6.5,0,1,0.5254988210852327,22.54672486378178,57.57314167755159,63.84326324237626
5.75,0.375,5,0,1,0.5258218780810265,22.746503166477567,57.40981253097881,63.15820217386096
3.5,0.25,10,0.35,2,0.5263813712812825,22.58790273502138,57.60909430960353,64.12392236032426
5,0.5,5,0,4,0.5272396866426852,22.75384683840914,57.25343194223452,64.28789991335393
6,0.25,9,0.15,1,0.5278026119928427,22.80209278585241,57.79472893501574,63.14378810407389
5,0.375,5,0,1,0.530005290219293,22.88551389797584,57.74675187143614,64.1694405352768
6.5,0.5,10,0.35,1,0.5322039935744807,23.173399339700968,57.33983659635877,64.63243248149892
5.75,0.5,5,0,3,0.5351552707206128,23.01107259051497,58.45736207141084,65.00906409140542
3.5,0.85,12,0.6,1,0.5399755992879022,23.341686981217865,59.28354661949946,64.22871571904358
5,0.5,3.5,0,1,0.5434049246421772,23.436141412086382,58.358844409323915,67.95995833810707
5.75,0.5,3.5,0,1,0.5439701869460916,23.355104926657038,58.85727440472833,67.674600112106
5.75,0.625,5,0,1,0.5462336155357589,23.405698075754806,59.20620749396501,68.09895059269691
6.5,0.5,5,0,1,0.5469528447580048,23.478097780127168,59.90924898960337,66.4806522590212
5,0.5,10,0.7,1,0.549484495101938,23.461563379308544,59.8183263621675,68.34295333314306
5,0.25,10,0.35,1,0.5506689077013177,23.71570270187787,60.26909643261368,66.46442768767186
2,0.5,10,0.35,1,0.5511877447155363,23.720169475433725,60.01868489803657,67.37721271367928
5,0.5,7,0.35,1,0.5512159796750656,23.668390863504445,60.08478539238911,67.59216423461297
5,0.75,10,0.35,1,0.5568099203534103,23.79392734709068,60.84640646704407,68.64947086446941
5,0.5,13,0.35,1,0.5617933500078983,24.18799321895285,61.7941000247041,67.14244370768593
5,0.5,10,0,1,0.6359985480236963,27.809443867414117,64.08452195209101,87.26228111982684
