name,translation_p,translation_d,rotation_p,rotation_d,cross_track_p,cross_track_d,status,position_rms_m,position_max_m,heading_rms_deg,heading_max_deg,duration_s,score
baseline-repeat,5,0.5,3,0.3,5,0,PASS,0.06633927040969023,0.19204419934985187,17.50429819946878,60.9703210607976,9.752608,2.899099446076979
responsive-low-cross,8,0.1,10,0.1,0,0,FAIL,,,,,,
high-p-no-d,12,0,16,0,0,0,PASS,0.11633808018656257,0.4127380243397304,52.959937035248586,179.74440524393341,11.380801,6.1113799859420315
moderate-p,8,0,8,0,1,0,FAIL,,,,,,
baseline-translation-no-d,5,0,10,0,0,0,FAIL,,,,,,
damped-moderate,10,0.1,6,0.1,1,0,FAIL,,,,,,
cross-only,5,0.5,3,0.3,1,0,PASS,0.06552891479808257,0.23178474703690222,18.647734021907354,66.18730457624712,9.809750000000001,2.9696173792511917
gentle-rotation,5,0.5,2,0.3,1,0,TIMEOUT,,,,,,
faster-damped-translation,6,0.5,3,0.3,1,0,FAIL,,,,,,
rotation-anticipation,5,0.5,4,0.5,1,0,PASS,0.06325771766988678,0.23309393517426902,17.20032832773523,67.49367409342567,9.789347000000001,2.850448580302477
balanced-damping,6,0.5,2,0.5,3,0,TIMEOUT,,,,,,
less-translation-damping,5,0.3,3,0.3,1,0,PASS,0.06312714957366189,0.20051116762488694,19.265167865776352,67.58721516458345,9.553588,2.8845969602337025
more-rotation-damping,5,0.5,4,0.8,1,0,PASS,0.06338702529121745,0.22672120189496775,17.159636514685793,64.01297441341399,9.79169,2.8508234933835213
stronger-damped-rotation,5,0.5,5,0.8,1,0,PASS,0.06710177930658644,0.23438904344832215,16.79582748187975,68.88598932404662,9.882415,2.9138328520534
no-cross-anticipation,5,0.5,4,0.5,0,0,PASS,0.06044119530398651,0.19616327621222587,17.975557033445266,70.01055087340004,9.798151,2.8559580935245794
medium-cross-anticipation,5,0.5,4,0.5,3,0,PASS,0.06192336732560777,0.20695938308643994,17.42831782552644,67.3089343763339,9.771338,2.838019292344293
gentler-translation,4,0.5,4,0.5,1,0,PASS,0.06253383645006087,0.22660945409055389,17.61637977477491,69.58597138551644,10.139669999999999,2.97909468118898
original-rotation-more-d,5,0.5,3,0.5,1,0,TIMEOUT,,,,,,
final-constants-run1,,,,,,,PASS,0.06788426756372994,0.23229027808577996,17.60220310364732,67.94417487951031,9.776615,2.9345292824682723
final-constants-run2,,,,,,,PASS,0.06560477845187089,0.22384253894416908,17.712913114934604,69.08176113464576,9.757744,2.901833052011411
zero-cross-repeat1,5,0.5,4,0.5,0,0,PASS,0.06377817688884643,0.20309396488881576,18.14855070234525,70.17046736590511,9.8342,2.9251236752546577
zero-cross-repeat2,5,0.5,4,0.5,0,0,PASS,0.06524973489497121,0.22049988244118282,18.060801946454788,69.97974025832947,9.831948,2.940552239557765
selected-constants-no-overrides,,,,,,,PASS,0.0656488597750708,0.19599630548242644,17.802400300589348,69.11341963113682,9.815479,2.926524378275194
