time_seconds,x_meters,y_meters,heading_radians
0,4.431068448860526,7.40695798142392,-0.0106
0.02,4.44066534658158,7.40671394427176,-0.0106
0.04,4.455060693163161,7.406347888543521,-0.0106
0.06,4.474254488605268,7.405859814239202,-0.0106
0.08,4.498246732907902,7.405249721358802,-0.0106
0.1,4.527037426071064,7.4045176099023235,-0.0106
0.12,4.560626568094752,7.403663479869765,-0.0106
0.14,4.599014158978966,7.402687331261127,-0.0106
0.16,4.6422001987237085,7.401589164076409,-0.0106
0.18,4.690184687328977,7.400368978315611,-0.0106
0.2,4.7429676247947725,7.399026773978734,-0.0106
0.22,4.8005490111210944,7.397562551065776,-0.0106
0.24,4.862928846307944,7.395976309576739,-0.0106
0.26,4.93010713035532,7.394268049511622,-0.0106
0.28,5.0020838632632225,7.3924377708704245,-0.0106
0.3,5.07486033764788,7.3905871557998815,-0.0106
0.32,5.147636812032537,7.3887365407293375,-0.0106
0.34,5.220413286417194,7.386885925658794,-0.0106
0.36,5.293189760801851,7.3850353105882505,-0.0106
0.38,5.365966235186508,7.383184695517707,-0.0106
0.4,5.438742709571165,7.381334080447163,-0.0106
0.42,5.511519183955822,7.37948346537662,-0.0106
0.44,5.584295658340479,7.377632850306077,-0.0106
0.46,5.657072132725136,7.375782235235533,-0.0106
0.48,5.729848607109793,7.37393162016499,-0.0106
0.5,5.80262508149445,7.372081005094446,-0.0106
0.52,5.875401555879107,7.370230390023903,-0.0106
0.54,5.948178030263764,7.368379774953359,-0.0106
0.56,6.020954504648421,7.366529159882816,-0.0106
0.58,6.0937309790330785,7.364678544812272,-0.0106
0.6,6.1665074534177355,7.362827929741729,-0.0106
0.62,6.235224647767604,7.358415626634136,-0.0106
0.64,6.2999147780588185,7.351391283123427,-0.0106
0.66,6.360611045008295,7.341704411564508,-0.0106
0.68,6.417347580960421,7.329304510254809,-0.0106
0.7,6.470159415584649,7.314141147440617,-0.0106
0.72,6.519082468908655,7.296164000697437,-0.0106
0.74,6.564153580496443,7.275322845424105,-0.0106
0.76,6.60697363365813,7.2527617495457966,-0.02020000001177067
0.78,6.649793686819818,7.230200653667488,-0.03940000003531201
0.8,6.692613739981505,7.20763955778918,-0.06820000007062402
0.82,6.7354337931431925,7.185078461910871,-0.1066000001177067
0.84,6.77825384630488,7.162517366032563,-0.15460000017656006
0.86,6.821073899466567,7.139956270154254,-0.20374653393742748
0.88,6.8638939526282545,7.117395174275946,-0.25296339119146855
0.9,6.906714005789942,7.094834078397637,-0.30223677228258744
0.92,6.949534058951629,7.072272982519329,-0.3515556112050864
0.94,6.992354112113317,7.04971188664102,-0.4009110249994473
0.96,7.035174165275004,7.027150790762712,-0.4502958772460743
0.98,7.077994218436692,7.0045896948844035,-0.4997044308956758
1,7.12081427159838,6.982028599006095,-0.5491320714334587
1.02,7.163634324760068,6.959467503127787,-0.5985750856646468
1.04,7.206454377921755,6.936906407249478,-0.6480304846468096
1.06,7.2492744310834425,6.91434531137117,-0.6974958617654098
1.08,7.292094484245131,6.891784215492861,-0.7469692788524267
1.1,7.334914537406819,6.869223119614553,-0.7964491747259304
1.12,7.377734590568506,6.846662023736244,-0.845934291683849
1.14,7.420554643730194,6.824100927857936,-0.895423616393367
1.16,7.459651943319218,6.79850979801328,-0.9545129411146556
1.18,7.494982300671381,6.769943748642963,-1.023202265847715
1.2,7.526500235014095,6.73846129209994,-1.1014915905925449
1.22,7.554159188154771,6.704124319121104,-1.1852143800182298
1.24,7.577911734958099,6.666998082883355,-1.259337169432144
1.26,7.59770979773323,6.627151174656789,-1.3238599588342876
1.28,7.613504875540512,6.584655472110692,-1.3787827482246606
1.3,7.6252483032868685,6.539586030692098,-1.4241055376032627
1.32,7.6328915608922205,6.492020871978854,-1.4598283269700942
1.34,7.640003196940471,6.444146195659141,-1.485951116325155
1.36,7.647114832988722,6.396271519339429,-1.5024739056684453
1.38,7.654226469036972,6.348396843019716,-1.5093966949999649
1.4,7.661338105085223,6.300522166700004,-1.5067194843197138
1.42,7.6684497411334736,6.2526474903802916,-1.50171338031054
1.44,7.675561377181725,6.204772814060579,-1.5063072763131369
1.46,7.682673013229976,6.156898137740867,-1.5204044036514301
1.48,7.689784649278227,6.109023461421154,-1.52640456992982
1.5,7.696896285326478,6.061148785101442,-1.5317652269870623
1.52,7.701691045662588,6.017477926919386,-1.5275258840325339
1.54,7.7042089162277225,5.97803267792073,-1.5136865410662348
1.56,7.704488493865518,5.942833608943154,-1.4902471980881649
1.58,7.7025672341903215,5.911900253870863,-1.4572078550983243
1.6,7.698481673447565,5.885251265833381,-1.4232076649441316
1.62,7.692267630250849,5.8629045518972545,-1.3988074748017099
1.64,7.683960392158538,5.84487739061494,-1.3840072846710587
1.66,7.6735948913831376,5.831186535909356,-1.3788070945521782
1.68,7.661205873463459,5.8218483101067235,-1.3832069044450683
1.7,7.646828062441834,5.816878688428712,-1.397206714349729
1.72,7.630496325957977,5.81629337687751,-1.4208065242661605
1.74,7.612245843690573,5.820107885165587,-1.4348063341708213
1.76,7.592112282751111,5.828337596134725,-1.4392061440637114
1.78,7.570131983977398,5.840997832961088,-1.4340059539448309
1.8,7.546342163616122,5.858103925343376,-1.4192057638141797
1.82,7.52078113567181,5.879671275810307,-1.394805573671758
1.84,7.493488561304855,5.905715427254078,-1.3619214396014616
1.86,7.464505733189108,5.936252132789309,-1.330454052586364
1.88,7.433875904844998,5.971297429040914,-1.298921111800023
1.9,7.4016446778766465,6.010867713960601,-1.2662847948981937
1.92,7.367860464104555,6.054979830227599,-1.2318973419759944
1.94,7.332575045320859,6.103651155144476,-1.1953762145440963
1.96,7.295844261607406,6.156899697580744,-1.1564988365229925
1.98,7.2577288711160435,6.214744201730362,-1.1151352145087963
2,7.218295641952722,6.277204255818469,-1.0712089877174151
2.02,7.177618763677716,6.344300400596694,-1.0246755855095373
2.04,7.136048712757233,6.414982299739746,-0.9755099857372377
2.06,7.094478661836751,6.485664198882798,-0.9238458824665464
2.08,7.052908610916269,6.55634609802585,-0.8702442811347634
2.1,7.011338559995787,6.627027997168902,-0.8151091398809351
2.12,6.969768509075305,6.697709896311954,-0.7587425542979108
2.14,6.928198458154823,6.768391795455006,-0.7013765677871948
2.16,6.88662840723434,6.839073694598058,-0.643192958853306
2.18,6.845058356313858,6.90975559374111,-0.5843362690190008
2.2,6.803488305393376,6.980437492884162,-0.5249227657169093
2.22,6.75922774240443,7.047144326642916,-0.45590926240304713
2.24,6.712327387283686,7.109842233175976,-0.3772957590774143
2.26,6.662840620751901,7.168496567524342,-0.29338772261535145
2.28,6.610823513057702,7.223072008198954,-0.2190796861650593
2.3,6.556334862618916,7.273532661338141,-0.1543716497265378
2.32,6.499436244989707,7.3198421630537975,-0.09926361329978699
2.34,6.440192072377846,7.361963780837997,-0.053755576884806845
2.36,6.378669663659394,7.399860515163138,-0.017847540481597375
2.38,6.314939324449892,7.43349520268578,0.00846049590984142
2.4,6.249074436235985,7.4628306227652645,0.025168532289509542
2.42,6.18115155276647,7.487829609341524,0.032276568657406995
2.44,6.111250500723663,7.508455170590236,0.029784605013533777
2.46,6.039454479958513,7.524670619193975,0.017692641357889886
2.48,5.965850155991826,7.536439716537263,-0.003999322309524676
2.5,5.890527733619976,7.5437268346447475,-0.016091285965168567
2.52,5.813580994627357,7.546497140212897,-0.01858324960904179
2.54,5.7351072737019635,7.544716805586856,-0.011475213241144339
2.56,5.655207332896996,7.53835325191138,-0.007375933517756949
2.58,5.574665528369908,7.529749896547313,-0.01287665380614023
2.6,5.49412372384282,7.521146541183246,-0.00877737408275284
2.62,5.413581919315733,7.512543185819179,-0.01427809437113612
2.64,5.333040114788645,7.503939830455112,-0.010178814647748731
2.66,5.252498310261557,7.495336475091045,-0.013022537343993855
2.68,5.171956505734469,7.486733119726978,-0.006266260028468308
2.7,5.091414701207381,7.478129764362911,-0.00910998272471343
2.72,5.010872896680294,7.469526408998844,-0.014458658422545477
2.74,4.930331092153206,7.460923053634777,-0.010207334108606853
2.76,4.849789287626118,7.45231969827071,-0.012953091767977452
2.78,4.774045497002381,7.443854410220876,-0.0062315322762700395
2.8,4.703099215015691,7.435543753595545,-0.009109972796333297
2.82,4.636949924745466,7.427403010101479,-0.01445866631395776
2.84,4.575597101709388,7.419446391759845,-0.010207359819811551
2.86,4.519040216309146,7.4116872125054325,-0.012953027583555281
2.88,4.467278735160578,7.404138028639142,-0.006231559763231001
2.9,4.4203121216517705,7.396810755379121,-0.009110091954677393
2.92,4.3781398359538475,7.3897167648698225,-0.014458571598956547
2.94,4.34076133463215,7.382866969680406,-0.010207051231465031
2.96,4.3081760699545395,7.376271894874512,-0.012953797736900497
2.98,4.280383488958947,7.369941741045749,-0.0062312300277657575
3,4.257383032318201,7.363886440209828,-0.009108662330401689
3.02,4.239174133022801,7.358115706073075,-0.014459707395750667
3.04,4.225756214889173,7.352639079922509,-0.010210752449328977
3.06,4.2171286908905605,7.347465973180237,-0.012944532429877347
3.08,4.213290961298683,7.342605707517762,-0.006235208864208561
3.1,4.214242411616034,7.338067553322083,-0.009125885310310448
3.12,4.2199824102702985,7.333860767237494,-0.014445941896169478
3.14,4.230510306033342,7.3299946294697085,-0.010165998470257837
3.16,4.245825425116897,7.32647848152971,-0.01305266252782784
3.18,4.265927067884726,7.323321765112931,-0.006339326573627172
3.2,4.290814505105891,7.320534062856344,-0.009225990631197174
3.22,4.320486973654643,7.318125141795172,-0.014362232439500234
3.24,4.354943671537996,7.316105000458194,-0.009898474236032621
3.26,4.3941837521002,7.314483920705034,-0.013568528007394633
3.28,4.438206317211384,7.313272525633987,-0.007638581766985974
3.3,4.48701040919159,7.312481845194052,-0.011308635538347985
3.32,4.540595001145469,7.312123391548407,-0.0076200311473942
3.34,4.598958985278716,7.312209246799589,-0.013531426768211088
3.36,4.662101158621888,7.312752166459969,-0.009842822377257303
3.38,4.7300202053812175,7.313765703125994,-0.013655670443268425
3.4,4.80271467483854,7.31526435633008,-0.007868518497508876
3.42,4.875499052848159,7.316772440463296,-0.011681366563519998
3.44,4.948283430857779,7.318280524596513,-0.007124806671996483
3.46,5.021067808867398,7.319788608729729,-0.01216824679224364
3.48,5.093852186877018,7.321296692862945,-0.007611686900720124
3.5,5.1666365648866375,7.322804776996161,-0.012655127020967279
3.52,5.239420942896257,7.3243128611293775,-0.008098567129443762
3.54,5.312205320905877,7.325820945262594,-0.013142007249690918
3.56,5.384989698915496,7.32732902939581,-0.008585447358167402
3.58,5.457774076925116,7.328837113529026,-0.013628887478414557
3.6,5.530558454934735,7.3303451976622425,-0.00907232758689104
3.62,5.603342832944355,7.331853281795459,-0.014115767707138197
3.64,5.676127210953974,7.333361365928675,-0.00955920781561468
3.66,5.748911588963594,7.334869450061891,-0.014029466193460393
3.68,5.821695966973214,7.336377534195107,-0.008899724559535435
3.7,5.894480344982833,7.337885618328324,-0.013369982937381147
3.72,5.967264722992453,7.33939370246154,-0.00824024130345619
3.74,6.040049101002072,7.340901786594756,-0.012710499681301902
3.76,6.112833479011692,7.342409870727972,-0.007580758047376944
3.78,6.185617857021311,7.343917954861189,-0.012051016425222657
3.8,6.258567748206679,7.340628893448494,-0.006921274791297699
3.82,6.331595204988621,7.332540458787318,-0.011391533169143412
3.84,6.404609164595022,7.319652043102613,-0.00749314416005424
3.86,6.4775154326479925,7.301964835639832,-0.01319475516273574
3.88,6.5502166959711134,7.279482007981421,-0.009296366153646568
3.9,6.6226125846234964,7.252208904098148,-0.014997977156328068
3.92,6.694599813066027,7.2201532280164775,-0.03029958817078024
3.94,6.766072445625346,7.18332521591594,-0.05520119919700308
3.96,6.837322649511536,7.144797194344927,-0.0897028102349966
3.98,6.908572853397725,7.1062691727739145,-0.13380442128476078
4,6.979823057283915,7.067741151202902,-0.18750603234629565
4.02,7.051073261170104,7.029213129631889,-0.25080764341960116
4.04,7.122323465056293,6.990685108060876,-0.32370925450467736
4.06,7.193573668942482,6.952157086489863,-0.4062108656015242
4.08,7.2648238728286705,6.91362906491885,-0.4983124767101417
4.1,7.336074076714859,6.875101043347837,-0.6000140878305299
4.12,7.407324280601048,6.836573021776824,-0.7113156989626888
4.14,7.478574484487237,6.7980450002058115,-0.831735309482305
4.16,7.546024300536269,6.756584905599012,-0.9425549199901506
4.18,7.609596789089014,6.712295264829566,-1.0437745304862256
4.2,7.669211294100787,6.665290045615409,-1.13539414097053
4.22,7.724784054171905,6.615695560514037,-1.2174137514430634
4.24,7.776228907040961,6.563651507668925,-1.3009802039276313
4.26,7.823458111874856,6.509312174526413,-1.3749466564004285
4.28,7.86638332408906,6.452847836082813,-1.439313108861455
4.3,7.904916771668671,6.394446385511757,-1.494079561310711
4.32,7.9389727017675735,6.334315242132729,-1.5392460137481963
4.34,7.968469194325392,6.272683589070643,-1.574812466173911
4.36,7.993330479395493,6.2098049991433495,-1.6007789185878547
4.38,8.013489952399548,6.145960508964695,-1.6171453709900279
4.4,8.028894164324402,6.081462190009802,-1.6239118233804304
4.42,8.039508181298926,6.016657224127925,-1.6210782757590623
4.44,8.04532286706696,5.951932382963851,-1.6086447281259235
4.46,8.048872808214092,5.891439672681745,-1.5866111804810141
4.48,8.050207575491687,5.8352052489949395,-1.554977632824334
4.5,8.049374949143473,5.783253628697365,-1.5329440851794247
4.52,8.046421166509417,5.735607899249664,-1.520510537546286
4.54,8.04139114610664,5.69228989862061,-1.5176769899249178
4.56,8.034328692011353,5.653320370514815,-1.5244434423153204
4.58,8.025276681961637,5.618719099167064,-1.5408098947174935
4.6,8.01427724224562,5.588505027118959,-1.5667763471314373
4.62,8.001371912142037,5.562696358778868,-1.5833772547998242
4.64,7.986601800443094,5.541310652071168,-1.5903781624564404
4.66,7.970007736413037,5.52436490008101,-1.587779070101286
4.68,7.9516304174191275,5.511875604276422,-1.5764803026419025
4.7,7.931510555414813,5.5038588406245275,-1.57478153519429
4.72,7.9096890244591735,5.500330319700038,-1.582682767758448
4.74,7.886207011525663,5.501305441701133,-1.5809840003108355
4.76,7.861106172993128,5.50679934713142,-1.5826582744925015
4.78,7.834428799432868,5.516826963768473,-1.5772413685221152
4.8,7.806217991621584,5.53140305041178,-1.5814244625634994
4.82,7.776517851141773,5.550542237777452,-1.5790467154730539
4.84,7.745373689506896,5.574259066774327,-1.5853711967139468
4.86,7.712832260507326,5.602568024244096,-1.582095677943069
4.88,7.678942021468465,5.635483576060876,-1.5777897498747357
4.9,7.643753430418326,5.673020197240348,-1.5638838217946318
4.92,7.607319287880683,5.715192398371883,-1.5403778937027572
4.94,7.56969513428436,5.762014747208623,-1.507271965599112
4.96,7.530939717009237,5.813501883552745,-1.464566037483696
4.98,7.491115545157877,5.869668524534729,-1.4122601093565093
5,7.450289555649315,5.9305294558125645,-1.350354181217552
5.02,7.408533921750132,5.9960995017956265,-1.278848253066824
5.04,7.365964753327045,6.0661842069727685,-1.1977423249043253
5.06,7.323395584903959,6.1362689121499105,-1.107036396730056
5.08,7.280826416480871,6.206353617327052,-1.0067304685440162
5.1,7.238257248057785,6.276438322504194,-0.8968245403462055
5.12,7.195688079634698,6.346523027681336,-0.7773186121366242
5.14,7.15311891121161,6.416607732858477,-0.6559884948076083
5.16,7.110549742788524,6.486692438035619,-0.5442583774903631
5.18,7.0679805743654365,6.556777143212761,-0.4421282601848885
5.2,7.025411405942349,6.626861848389903,-0.34959814289118457
5.22,6.982842237519263,6.696946553567045,-0.2666680256092513
5.24,6.940273069096175,6.767031258744186,-0.1933379083390887
5.26,6.897703900673088,6.837115963921328,-0.12960779108069678
5.28,6.855134732250002,6.90720066909847,-0.07547767383407554
5.3,6.812565563826914,6.977285374275612,-0.03094755659922497
5.32,6.767333987176069,7.043376136234734,0.003982560623854929
5.34,6.719490059602793,7.105440035561722,0.029312677835164152
5.36,6.66908647895192,7.163443371365953,0.0450427950347027
5.38,6.616178610789518,7.217351765893486,0.051172912222470585
5.4,6.5608245249359065,7.26713026708012,0.047703029398467794
5.42,6.503085041662371,7.312743449653607,0.03463314656269433
5.44,6.4430237876284036,7.354155515645041,0.011963263715150198
5.46,6.380707261316436,7.391330395429558,-0.008850545735838183
5.48,6.316204907274597,7.424231850693235,-0.020064355175055892
5.5,6.24958919784297,7.452823581024105,-0.021678164602502933
5.52,6.180935720123471,7.477069336158895,-0.013691974018179301
5.54,6.1103232646211545,7.496933036291014,-0.005987046943778675
5.56,6.037833910029548,7.512378903265507,-0.00788211988114872
5.58,5.963553095740361,7.523371605954692,-0.015105920705225137
5.6,5.887569669343256,7.5298764236175,-0.012729721517530884
5.62,5.809975889883444,7.531859431574734,-0.006335141532361453
5.64,5.730867357752777,7.529287714035724,-0.009540561558962693
5.66,5.650342826844872,7.52212960930603,-0.014050685514338742
5.68,5.569698249398754,7.514549891070032,-0.00896080945794412
5.7,5.489053671952636,7.506970172834033,-0.013470933413320169
5.72,5.408409094506518,7.499390454598036,-0.008381057356925545
5.74,5.3277645170604,7.491810736362037,-0.012891181312301594
5.76,5.247119939614282,7.48423101812604,-0.0078013052559069715
5.78,5.166475362168164,7.476651299890041,-0.012311429211283021
5.8,5.085830784722046,7.469071581654044,-0.0072215531548883985
5.82,5.006433051171829,7.4616090532616095,-0.011731677110264446
5.84,4.931814255544344,7.454595693357235,-0.0070703253166622335
5.86,4.861974397839592,7.448031501940919,-0.012008973534830691
5.88,4.796913478057574,7.441916479012662,-0.007347621741228478
5.9,4.736631496198288,7.436250624572465,-0.012286269959396936
5.92,4.681128452261735,7.431033938620327,-0.007624918165794723
5.94,4.630404346247915,7.426266421156248,-0.01256356638396318
5.96,4.584459178156828,7.421948072180228,-0.007902214590360968
5.98,4.543292947988474,7.418078891692267,-0.012840862808529425
6,4.506905655742853,7.414658879692365,-0.0106
6.02,4.475297301419964,7.411688036180522,-0.0106
6.04,4.4484678850198085,7.409166361156739,-0.0106
6.06,4.42627,7.40708,-0.0106
