time_seconds,x_meters,y_meters,heading_radians,auto_active
4.325144,4.426270000,7.407080000,-0.010600000,true
4.372160,4.426270000,7.407080000,-0.010604375,true
4.394893,4.427854185,7.407058359,-0.010601279,true
4.413234,4.431135755,7.407003489,-0.010601617,true
4.434551,4.436154937,7.406909156,-0.010604993,true
4.452457,4.442869431,7.406772991,-0.010608018,true
4.473112,4.451238020,7.406595492,-0.010608223,true
4.496415,4.461220512,7.406377950,-0.010604145,true
4.515926,4.472777686,7.406121328,-0.010605880,true
4.532336,4.483131455,7.405888733,-0.010604751,true
4.552575,4.500463976,7.405495875,-0.010602848,true
4.575707,4.516519336,7.405129224,-0.010602648,true
4.592708,4.534001821,7.404727752,-0.010604113,true
4.613029,4.552876748,7.404292205,-0.010602533,true
4.633387,4.573110280,7.403823333,-0.010600782,true
4.652190,4.594669397,7.403321665,-0.010602841,true
4.676487,4.622244804,7.402677235,-0.010601100,true
4.692266,4.641636302,7.402222304,-0.010602930,true
4.714007,4.666981981,7.401625491,-0.010605227,true
4.733229,4.693528996,7.400997993,-0.010604793,true
4.756059,4.721248147,7.400340194,-0.010607955,true
4.773326,4.750110945,7.399652557,-0.010607850,true
4.794420,4.780089590,7.398935463,-0.010610221,true
4.813660,4.811156960,7.398189319,-0.010613478,true
4.833314,4.843286597,7.397414718,-0.010607882,true
4.855337,4.876452684,7.396612186,-0.010606588,true
4.875552,4.910630023,7.395781942,-0.010609465,true
4.892867,4.952943119,7.394749705,-0.010608796,true
4.913505,4.981920741,7.394040067,-0.010614719,true
4.935968,5.018986738,7.393129270,-0.010616853,true
4.955191,5.056969203,7.392192719,-0.010614389,true
4.972464,5.088000047,7.391425296,-0.010617410,true
4.992942,5.135594983,7.390244212,-0.010619372,true
5.015191,5.176195363,7.389233238,-0.010620001,true
5.035478,5.217626316,7.388198561,-0.010616503,true
5.056129,5.268411429,7.386926274,-0.010618006,true
5.072557,5.302899685,7.386059712,-0.010619444,true
5.094345,5.346703189,7.384956468,-0.010618996,true
5.116269,5.391259422,7.383831388,-0.010618574,true
5.132873,5.436550087,7.382684831,-0.010620057,true
5.152650,5.482557340,7.381517391,-0.010619467,true
5.172595,5.529263765,7.380329494,-0.010620197,true
5.196367,5.586210494,7.378877844,-0.010616509,true
5.212352,5.615043284,7.378141553,-0.010614408,true
5.235868,5.683227503,7.376396625,-0.010615148,true
5.255953,5.722747524,7.375382904,-0.010613218,true
5.272488,5.772703051,7.374099071,-0.010615896,true
5.292655,5.823261794,7.372797059,-0.010613315,true
5.312864,5.874409090,7.371477150,-0.010612314,true
5.333543,5.926130630,7.370139458,-0.010611202,true
5.356570,5.988934850,7.368511161,-0.010608502,true
5.372591,6.031240942,7.367411661,-0.010608116,true
5.392804,6.084602788,7.366021377,-0.010612606,true
5.414815,6.138485015,7.364613095,-0.010613549,true
5.435351,6.192922652,7.363345218,-0.010613257,true
5.455861,6.247818336,7.362743232,-0.010612487,true
5.472337,6.291600581,7.363033105,-0.010608654,true
5.496542,6.345616985,7.364427100,-0.010609480,true
5.514660,6.408964760,7.367109397,-0.010608857,true
5.532579,6.460275969,7.368700763,-0.010607646,true
5.556259,6.519808696,7.367830379,-0.010605787,true
5.575910,6.558227478,7.365056301,-0.010604689,true
5.594229,6.604665589,7.358651231,-0.010597340,true
5.612401,6.640405429,7.350998317,-0.010599305,true
5.632879,6.691357391,7.335171767,-0.011460559,true
5.655246,6.731218113,7.318152670,-0.014741953,true
5.673628,6.768758661,7.298021475,-0.021125499,true
5.695794,6.804425120,7.275536769,-0.030716639,true
5.715917,6.838681004,7.251385161,-0.043019731,true
5.733812,6.871934654,7.226104032,-0.057730277,true
5.756571,6.910975105,7.194849868,-0.078006074,true
5.772221,6.930259210,7.178994646,-0.089002988,true
5.796764,6.975004418,7.141861177,-0.116469023,true
5.814520,7.000534836,7.120706361,-0.132903691,true
5.835992,7.032546574,7.094501204,-0.154326071,true
5.852403,7.058283107,7.073791653,-0.172390252,true
5.876223,7.097167794,7.043232429,-0.199890963,true
5.893880,7.129855910,7.018267857,-0.224228768,true
5.915598,7.162816629,6.993773033,-0.249023123,true
5.932746,7.196047342,6.969738127,-0.274867624,true
5.956541,7.236278346,6.941488809,-0.306654928,true
5.973480,7.263301864,6.922996255,-0.328106812,true
5.995926,7.304118872,6.895724690,-0.361767725,true
6.019420,7.310951188,6.891229265,-0.367701390,true
6.040581,7.379707905,6.847002761,-0.425814401,true
6.063610,7.414355100,6.825336574,-0.456114539,true
6.080568,7.449054280,6.803743827,-0.486897643,true
6.103422,7.483166262,6.781116501,-0.519613004,true
6.119528,7.509635729,6.761786574,-0.548077932,true
6.140049,7.547473404,6.730317980,-0.592860824,true
6.160580,7.576939213,6.701703868,-0.631569746,true
6.181674,7.604178100,6.670914345,-0.670052569,true
6.202362,7.628971072,6.638083459,-0.706854243,true
6.222779,7.651179964,6.603433062,-0.743335111,true
6.242694,7.670792162,6.567231118,-0.777386472,true
6.261782,7.687917704,6.529763902,-0.810267965,true
6.280622,7.702654751,6.491267778,-0.841893103,true
6.300996,7.715164515,6.451964399,-0.872721238,true
6.322708,7.725633253,6.412036456,-0.902370565,true
6.343270,7.734223446,6.371643938,-0.930392492,true
6.359663,7.739877389,6.339080094,-0.952333056,true
6.380500,7.745577916,6.298147706,-0.979277406,true
6.399882,7.749896083,6.257031725,-1.004905826,true
6.421492,7.753509966,6.207550812,-1.035053795,true
6.441543,7.755388499,6.166248419,-1.059282716,true
6.463187,7.756476400,6.124928907,-1.081919183,true
6.480578,7.756930987,6.083601757,-1.103701706,true
6.499820,7.756762933,6.042417908,-1.124111578,true
6.520317,7.755649295,6.001859898,-1.142931722,true
6.543276,7.753205787,5.962367220,-1.160016818,true
6.559922,7.750024281,5.931865751,-1.172699959,true
6.582620,7.742698062,5.888695478,-1.190435984,true
6.600073,7.736001105,5.861891097,-1.202265396,true
6.623554,7.723146287,5.825274902,-1.219780588,true
6.640490,7.709846937,5.798558345,-1.234299900,true
6.660497,7.694233208,5.775951914,-1.248537072,true
6.680794,7.676691835,5.757822247,-1.262388714,true
6.702276,7.657735531,5.744612771,-1.275422777,true
6.720609,7.638146003,5.736605566,-1.287432998,true
6.740980,7.618865966,5.733660424,-1.297863596,true
6.760118,7.604151896,5.734516469,-1.305485732,true
6.783683,7.583766444,5.740376265,-1.315238233,true
6.800029,7.568678728,5.748839806,-1.322010123,true
6.819811,7.557636040,5.757559136,-1.326432022,true
6.840514,7.542540754,5.773714591,-1.331801926,true
6.862845,7.531357320,5.789959103,-1.335462927,true
6.879640,7.523218188,5.804702794,-1.337829620,true
6.902409,7.512118704,5.829262826,-1.340584673,true
6.922330,7.503473756,5.851634416,-1.341942402,true
6.941354,7.495005889,5.875462950,-1.341940801,true
6.960582,7.486383959,5.900519532,-1.341798948,true
6.980449,7.479198873,5.921392048,-1.340606853,true
7.001419,7.467732126,5.953786124,-1.337039893,true
7.020085,7.459546883,5.975933873,-1.333639101,true
7.043413,7.446356324,6.009735795,-1.327283733,true
7.060588,7.434481930,6.038263980,-1.320965400,true
7.079569,7.424396713,6.061231928,-1.315410492,true
7.101789,7.408311671,6.095810560,-1.305763795,true
7.120760,7.394055457,6.124653321,-1.296904033,true
7.141476,7.379078633,6.153464673,-1.287200352,true
7.162859,7.363434601,6.182205900,-1.276569052,true
7.179943,7.350475970,6.205130702,-1.267496594,true
7.204172,7.330378270,6.239392397,-1.253285209,true
7.221824,7.313077950,6.267812372,-1.240707393,true
7.240925,7.295338224,6.296114219,-1.227485995,true
7.260330,7.277216674,6.324301996,-1.213462383,true
7.283405,7.258757194,6.352377165,-1.198818095,true
7.299663,7.243782654,6.374763450,-1.186919027,true
7.323618,7.221041675,6.408241085,-1.168306906,true
7.340002,7.205725327,6.430499992,-1.155509121,true
7.359835,7.182571931,6.463821291,-1.135550889,true
7.382228,7.163154066,6.491543101,-1.118531645,true
7.401633,7.143653187,6.519235844,-1.100801895,true
7.420509,7.124091146,6.546908500,-1.082813851,true
7.439625,7.108416659,6.569041965,-1.068195939,true
7.464150,7.084876605,6.602239117,-1.045511699,true
7.480587,7.065249695,6.629907530,-1.026799113,true
7.501861,7.045615353,6.657580730,-1.007535843,true
7.520272,7.029921585,6.679731965,-0.991965132,true
7.539442,7.010328973,6.707441318,-0.971850476,true
7.560604,6.986858519,6.740725159,-0.947808941,true
7.579973,6.967344582,6.768496236,-0.927476414,true
7.600469,6.947853779,6.796285065,-0.906430404,true
7.622009,6.928389768,6.824092841,-0.885106452,true
7.640425,6.908957995,6.851923868,-0.863485411,true
7.663544,6.889566946,6.879783760,-0.842013906,true
7.680360,6.870225383,6.907678042,-0.820605671,true
7.701648,6.850935917,6.935608417,-0.798893654,true
7.720179,6.835540992,6.957978008,-0.781311988,true
7.741016,6.812500204,6.991568033,-0.754644188,true
7.761545,6.793079220,7.019598987,-0.731776795,true
7.780586,6.772590437,7.047617911,-0.707412772,true
7.800890,6.750491206,7.075393295,-0.682384472,true
7.823953,6.726409505,7.102778460,-0.656291116,true
7.843127,6.700119532,7.129516452,-0.630256036,true
7.863325,6.671550439,7.155320167,-0.604698935,true
7.882004,6.640740041,7.180002190,-0.579461860,true
7.900953,6.607763313,7.203395199,-0.555556998,true
7.923745,6.572728815,7.225366761,-0.532702280,true
7.942641,6.535730798,7.245757356,-0.511459943,true
7.960172,6.496844955,7.264364978,-0.491207982,true
7.983982,6.447886234,7.284213636,-0.468559222,true
8.002639,6.413972529,7.295894926,-0.454288447,true
8.021957,6.370240852,7.308596328,-0.437267382,true
8.043516,6.325129213,7.319015010,-0.421207939,true
8.061419,6.278790093,7.327123542,-0.405592819,true
8.080183,6.231434419,7.333340337,-0.391333672,true
8.102197,6.183223885,7.338113370,-0.377506000,true
8.123172,6.134257728,7.341812103,-0.364078487,true
8.142720,6.084600570,7.344729338,-0.351180971,true
8.161835,6.034294801,7.347057809,-0.338744837,true
8.181509,5.983368961,7.348947525,-0.326489663,true
8.201609,5.931845911,7.350528430,-0.314715554,true
8.220318,5.879745755,7.351917368,-0.303119589,true
8.242039,5.827086012,7.353201609,-0.291965171,true
8.263548,5.773882523,7.354450362,-0.281124494,true
8.279512,5.730938169,7.355455345,-0.272630560,true
8.300649,5.665903070,7.357007893,-0.260171741,true
8.323291,5.611154934,7.358370123,-0.250277205,true
8.342788,5.555917122,7.359829234,-0.240916245,true
8.363142,5.500203072,7.361388964,-0.231592186,true
8.383333,5.444024949,7.363043733,-0.222623305,true
8.403291,5.387394379,7.364795140,-0.213913044,true
8.423291,5.330322957,7.366650312,-0.205743081,true
8.443337,5.272821656,7.368604379,-0.197636041,true
8.462438,5.214900927,7.370644790,-0.189827838,true
8.480428,5.168269360,7.372339002,-0.183824548,true
8.502781,5.097842345,7.374967728,-0.175068834,true
8.519604,5.050578402,7.376764738,-0.169363886,true
8.544037,4.979225704,7.379541055,-0.161146539,true
8.560231,4.919357594,7.381939029,-0.154666607,true
8.581368,4.859128137,7.384411934,-0.148448254,true
8.600613,4.798498805,7.386974293,-0.142602832,true
8.620135,4.749647948,7.389115379,-0.138032054,true
8.642508,4.676697957,7.392463260,-0.131395953,true
8.659446,4.628632386,7.394780824,-0.126965097,true
8.683351,4.558195787,7.398350005,-0.120567329,true
8.700882,4.501411367,7.401405698,-0.115377161,true
8.722846,4.446819853,7.404518027,-0.110293382,true
8.742323,4.394701379,7.407673208,-0.105408214,true
8.762420,4.345369313,7.410879333,-0.100744391,true
8.780607,4.299033796,7.414119096,-0.096225519,true
8.799978,4.264227465,7.416628292,-0.092735998,true
8.820551,4.216023814,7.419951054,-0.087714839,true
8.843359,4.179552192,7.422053536,-0.083649149,true
8.860571,4.146557652,7.423083994,-0.079756356,true
8.881239,4.117214724,7.422331344,-0.075908667,true
8.900600,4.091799160,7.418744207,-0.072061439,true
8.923274,4.071429067,7.410827270,-0.068203360,true
8.940536,4.057636535,7.399445579,-0.064511638,true
8.960699,4.047537522,7.388702744,-0.061256530,true
8.982769,4.038157082,7.380678544,-0.058446032,true
9.001575,4.029193335,7.375452277,-0.055834612,true
9.021170,4.021548446,7.371987606,-0.054013656,true
9.043154,4.015619764,7.369594986,-0.054012277,true
9.059837,4.011494196,7.367995171,-0.054011991,true
9.081211,4.009167765,7.367080444,-0.054013497,true
9.103754,4.008591873,7.366846830,-0.054010781,true
9.122887,4.009710288,7.367331853,-0.054010902,true
9.141059,4.012454888,7.368576834,-0.054008331,true
9.161952,4.016757454,7.370612866,-0.054012619,true
9.183557,4.022559280,7.373458419,-0.054010060,true
9.199558,4.028245954,7.376321799,-0.054008732,true
9.223505,4.038470103,7.381579643,-0.054009655,true
9.241542,4.048511836,7.386808648,-0.054003710,true
9.260348,4.057533315,7.391501118,-0.054005624,true
9.283503,4.072702870,7.399308873,-0.054001299,true
9.301876,4.086844207,7.406432519,-0.054001767,true
9.320493,4.102351526,7.414024670,-0.054005589,true
9.341554,4.119227700,7.421994200,-0.054007625,true
9.360682,4.137504843,7.430179189,-0.054006417,true
9.380607,4.157277268,7.438252081,-0.054007601,true
9.400351,4.178611385,7.445885092,-0.054006442,true
9.423964,4.201535520,7.452759147,-0.054009675,true
9.440625,4.226032311,7.458586569,-0.054005877,true
9.464196,4.257428321,7.463788825,-0.054005147,true
9.481029,4.279495943,7.465970533,-0.054005450,true
9.501348,4.308244554,7.467062926,-0.054004327,true
9.522537,4.338146617,7.466186957,-0.054005769,true
9.540684,4.369062401,7.463452140,-0.054006912,true
9.562293,4.400937713,7.459502926,-0.054007464,true
9.581601,4.433795022,7.455032582,-0.054004726,true
9.602110,4.467658607,7.450468235,-0.054008504,true
9.621049,4.502524306,7.445970336,-0.054005072,true
9.640599,4.538372614,7.441582731,-0.054004738,true
9.663436,4.575180486,7.437321048,-0.054006603,true
9.680955,4.612924549,7.433194859,-0.054003981,true
9.703691,4.651581650,7.429211116,-0.054004169,true
9.720712,4.691128980,7.425374695,-0.054002762,true
9.740986,4.731544127,7.421688594,-0.054001780,true
9.762819,4.772805119,7.418154154,-0.054003921,true
9.782746,4.814890452,7.414771232,-0.054004034,true
9.801455,4.857779108,7.411538322,-0.054003661,true
9.822888,4.901450568,7.408452650,-0.054003246,true
9.839870,4.945884827,7.405510444,-0.053999742,true
9.860291,4.991062383,7.402706858,-0.054000208,true
9.881928,5.036964244,7.400036122,-0.054004942,true
9.901218,5.083571928,7.397491808,-0.054005680,true
9.923795,5.130867486,7.395067497,-0.054002076,true
9.943216,5.178833450,7.392756018,-0.054002209,true
9.960844,5.227452829,7.390549747,-0.054003622,true
9.983966,5.276709113,7.388441047,-0.054000622,true
10.000641,5.326586253,7.386422285,-0.054003308,true
10.020788,5.377068647,7.384485713,-0.054004039,true
10.043077,5.428141120,7.382623665,-0.054005837,true
10.060196,5.469414031,7.381182818,-0.054007671,true
10.082902,5.531997690,7.379093640,-0.054006303,true
10.102856,5.584753546,7.377413697,-0.054006627,true
10.120272,5.638042848,7.375780651,-0.054003504,true
10.140609,5.691852362,7.374187967,-0.054003319,true
10.160613,5.746169227,7.372630059,-0.054006296,true
10.180327,5.789979582,7.371405266,-0.054004954,true
10.199518,5.845178323,7.369896947,-0.054004763,true
10.220484,5.900850156,7.368409948,-0.054008636,true
10.240620,5.968264488,7.366648626,-0.054005716,true
10.260046,6.013566870,7.365485341,-0.054005914,true
10.279613,6.070681737,7.364038581,-0.054003108,true
10.302059,6.139970901,7.362309347,-0.054003358,true
10.322910,6.209970760,7.360990532,-0.054000628,true
10.343022,6.256992646,7.360709602,-0.053999115,true
10.363097,6.316101545,7.360265625,-0.053996399,true
10.381474,6.375455782,7.358602121,-0.056422688,true
10.401745,6.434734885,7.354731571,-0.063873336,true
10.423680,6.493620089,7.347940274,-0.077081102,true
10.443192,6.551735265,7.337666870,-0.096738354,true
10.463394,6.608678437,7.323551260,-0.122640722,true
10.481281,6.664188957,7.305426428,-0.155548969,true
10.499876,6.707510955,7.287943954,-0.186243684,true
10.522060,6.770546632,7.256755917,-0.237024287,true
10.543307,6.821139645,7.226363553,-0.282519957,true
10.560857,6.870226594,7.192713745,-0.329050603,true
10.580697,6.918230569,7.156743442,-0.375837331,true
10.602634,6.965682760,7.119301895,-0.421960857,true
10.620508,7.003600432,7.088772546,-0.457524197,true
10.640944,7.060906859,7.042643690,-0.510394318,true
10.659746,7.099618030,7.011999844,-0.543779128,true
10.680306,7.158758639,6.966653214,-0.592157523,true
10.703762,7.209200682,6.929641342,-0.631173777,true
10.720031,7.260734680,6.893508287,-0.668968867,true
10.740969,7.313354319,6.858356772,-0.704834588,true
10.760216,7.356241956,6.831025332,-0.731986461,true
10.781453,7.421826658,6.791358178,-0.772016103,true
10.802631,7.477312275,6.759136196,-0.804424142,true
10.819684,7.521665922,6.733057990,-0.829717885,true
10.839773,7.576566019,6.699083725,-0.861460786,true
10.860574,7.641049805,6.655462006,-0.899952590,true
10.881680,7.693141842,6.616428486,-0.931346305,true
10.900121,7.733442137,6.583440490,-0.955859601,true
10.920537,7.791015327,6.531007459,-0.990881488,true
10.941726,7.835997140,6.484713566,-1.019134599,true
10.962065,7.878057740,6.436354895,-1.045985081,true
10.983442,7.916919336,6.386137822,-1.071435853,true
11.003352,7.952347575,6.334305289,-1.095361674,true
11.022842,7.984107313,6.281104866,-1.118538978,true
11.043213,8.012066080,6.226824143,-1.140851060,true
11.060256,8.036145084,6.171772985,-1.161804498,true
11.082266,8.056319246,6.116267595,-1.181690402,true
11.100238,8.072625701,6.060617804,-1.200567481,true
11.120593,8.084946147,6.005126924,-1.219033293,true
11.143170,8.093317455,5.950088755,-1.236300868,true
11.161748,8.097816224,5.895904105,-1.252763046,true
11.181239,8.098823359,5.843153287,-1.266314806,true
11.199607,8.097456240,5.802280842,-1.274183367,true
11.222092,8.092165785,5.743758890,-1.279508211,true
11.239560,8.086676901,5.706832385,-1.278010351,true
11.263974,8.075804103,5.655090278,-1.266589196,true
11.281243,8.064510982,5.615592038,-1.248910422,true
11.300632,8.051194716,5.579747467,-1.223003813,true
11.320302,8.036060686,5.547847029,-1.189482870,true
11.341664,8.019641349,5.519867711,-1.148478419,true
11.359880,8.005731964,5.499910628,-1.112690597,true
11.383143,7.982935164,5.473889112,-1.056428294,true
11.403354,7.961686457,5.456148894,-1.010039581,true
11.422798,7.938290984,5.442442104,-0.964547737,true
11.441181,7.913297073,5.432769656,-0.922283922,true
11.461428,7.887287037,5.426858948,-0.882067550,true
11.480590,7.860757439,5.424358245,-0.843146158,true
11.503244,7.834388824,5.425084852,-0.805890749,true
11.522561,7.808775848,5.429046592,-0.771329772,true
11.542680,7.784510394,5.436332929,-0.738356977,true
11.559717,7.766402260,5.444518232,-0.713903188,true
11.583849,7.741946314,5.460541733,-0.680328875,true
11.600606,7.724390691,5.477012321,-0.653311731,true
11.620056,7.712228461,5.491988337,-0.632184588,true
11.641911,7.696798811,5.517172378,-0.601143462,true
11.663098,7.686159906,5.540386418,-0.575332326,true
11.681427,7.676486528,5.565245992,-0.550780712,true
11.701625,7.667057418,5.591423562,-0.527522569,true
11.721194,7.657427514,5.618612854,-0.504754168,true
11.740444,7.647347703,5.646565027,-0.482711593,true
11.764027,7.636720510,5.675091973,-0.461538932,true
11.782970,7.625505556,5.704044380,-0.441185380,true
11.803401,7.613668372,5.733293817,-0.421273622,true
11.820708,7.601188015,5.762731733,-0.401821863,true
11.840738,7.588084229,5.792279576,-0.383440379,true
11.860315,7.577171427,5.815955151,-0.369495928,true
11.880764,7.560114314,5.851467433,-0.348953275,true
11.901699,7.545306424,5.881019021,-0.332511863,true
11.923156,7.530012165,5.910503644,-0.317234173,true
11.940613,7.514279594,5.939912053,-0.302614874,true
11.960684,7.498144737,5.969230330,-0.288497150,true
11.980421,7.481646461,5.998452083,-0.275058936,true
11.999954,7.468213233,6.021759662,-0.264816251,true
12.022943,7.447722175,6.056610490,-0.250202632,true
12.043058,7.430363173,6.085552562,-0.238596227,true
12.060601,7.412782511,6.114409006,-0.227631415,true
12.081321,7.394995260,6.143180056,-0.217092249,true
12.099466,7.380637519,6.166143247,-0.209075017,true
12.120533,7.358918747,6.200506652,-0.197621291,true
12.140928,7.340676436,6.229077876,-0.188564084,true
12.160180,7.322327322,6.257597335,-0.179991000,true
12.180653,7.303882581,6.286070679,-0.171914495,true
12.200628,7.285350831,6.314500366,-0.164100492,true
12.222272,7.266741441,6.342889762,-0.156735543,true
12.242699,7.248069100,6.371246200,-0.149750982,true
12.263512,7.229340211,6.399572161,-0.142978959,true
12.281852,7.210561019,6.427870327,-0.136460958,true
12.299527,7.195505632,6.450490804,-0.131541598,true
12.322650,7.172881054,6.484398216,-0.124609427,true
12.342541,7.153994230,6.512635834,-0.119103269,true
12.362226,7.135082136,6.540858741,-0.113884521,true
12.384680,7.112360506,6.574711272,-0.108027948,true
12.405918,7.093405093,6.602909670,-0.103416282,true
12.423110,7.078228240,6.625460764,-0.099977911,true
12.445872,7.055442798,6.659275261,-0.094998985,true
12.464380,7.040239602,6.681810426,-0.091787824,true
12.484795,7.017414067,6.715599898,-0.087223426,true
12.506465,6.998375057,6.743746691,-0.083599848,true
12.524126,6.979321907,6.771884314,-0.080149355,true
12.545884,6.960253891,6.800012395,-0.076780252,true
12.565639,6.941172008,6.828131470,-0.073631139,true
12.586101,6.922078724,6.856243118,-0.070587218,true
12.605849,6.902975040,6.884347971,-0.067707415,true
12.623309,6.887685266,6.906827374,-0.065532510,true
12.646877,6.864740821,6.940540064,-0.062345695,true
12.666560,6.841784782,6.974245137,-0.059348720,true
12.682835,6.830303448,6.991095465,-0.057911421,true
12.704396,6.807056091,7.024837817,-0.055202425,true
12.724667,6.786797739,7.053068797,-0.053000814,true
12.743104,6.769552695,7.075731298,-0.051264006,true
12.763360,6.746294528,7.104030832,-0.049155712,true
12.782641,6.721072438,7.131889891,-0.047187347,true
12.806150,6.688104143,7.164415261,-0.045023820,true
12.824582,6.658352286,7.190530794,-0.043397746,true
12.843008,6.633057613,7.210628466,-0.042482027,true
12.864417,6.599607824,7.234607258,-0.042477312,true
12.886260,6.556779333,7.261362480,-0.042477905,true
12.903944,6.526636374,7.277796945,-0.042473658,true
12.924434,6.479199380,7.300201442,-0.042477805,true
12.946542,6.437774423,7.316691276,-0.042477943,true
12.965163,6.394736431,7.330995898,-0.042481697,true
12.984525,6.350202624,7.342926257,-0.042484428,true
13.005100,6.304338832,7.352431734,-0.042484168,true
13.022336,6.266818701,7.358379903,-0.042480850,true
13.047084,6.209406054,7.365136040,-0.042482333,true
13.065412,6.160669047,7.369182559,-0.042481878,true
13.085710,6.111217562,7.372196240,-0.042483837,true
13.104752,6.061107269,7.374458659,-0.042484359,true
13.124090,6.010374568,7.376176968,-0.042483418,true
13.146420,5.959045642,7.377508464,-0.042480707,true
13.165953,5.907140961,7.378572811,-0.042477847,true
13.185879,5.854677757,7.379461154,-0.042476409,true
13.202368,5.812315409,7.380091875,-0.042476273,true
13.224578,5.748136059,7.380971569,-0.042479207,true
13.242812,5.704935965,7.381538406,-0.042478743,true
13.263814,5.650481933,7.382250038,-0.042479327,true
13.282348,5.595535051,7.382968219,-0.042483845,true
13.302247,5.540107306,7.383692767,-0.042484487,true
13.323737,5.484210397,7.384423481,-0.042482363,true
13.344613,5.416530855,7.385307988,-0.042477210,true
13.364616,5.359594885,7.386058129,-0.042478404,true
13.384104,5.302272349,7.386837927,-0.042478257,true
13.404610,5.245274763,7.387648867,-0.042479388,true
13.423098,5.200315019,7.388319324,-0.042480499,true
13.444186,5.134481161,7.389370597,-0.042482568,true
13.462637,5.091716992,7.390108804,-0.042482602,true
13.484659,5.029858173,7.391253302,-0.042485885,true
13.506095,4.980706832,7.392239411,-0.042488626,true
13.525567,4.934103631,7.393231566,-0.042487928,true
13.542354,4.898849563,7.394024224,-0.042489880,true
13.563955,4.857435650,7.395012656,-0.042492580,true
13.582406,4.818805896,7.395998566,-0.042492501,true
13.604753,4.776437294,7.397169583,-0.042494423,true
13.623973,4.750653859,7.397937591,-0.042494143,true
13.643216,4.721121041,7.398859558,-0.042491740,true
13.664712,4.688727174,7.399894646,-0.042490221,true
13.682771,4.669083750,7.400528666,-0.042489553,true
13.706712,4.642419248,7.401383580,-0.042489935,true
13.724750,4.622172878,7.402015142,-0.042490436,true
13.744592,4.603958741,7.402565972,-0.042491254,true
13.766411,4.587414442,7.403045895,-0.042493435,true
13.785002,4.572373899,7.403462632,-0.042492707,true
13.804380,4.561334187,7.403756083,-0.042491280,true
13.824775,4.546223315,7.404140095,-0.042491918,true
13.846043,4.534787065,7.404419634,-0.042489975,true
13.864606,4.524564186,7.404661898,-0.042488722,true
13.885315,4.515317004,7.404877377,-0.042487585,true
13.902997,4.508550891,7.405034119,-0.042488564,true
13.922975,4.500785555,7.405214572,-0.042493154,true
13.944687,4.492327844,7.405413322,-0.042494946,true
13.965572,4.486063367,7.405562690,-0.042496313,true
13.986075,4.480524832,7.405696966,-0.042498343,true
14.004622,4.475553356,7.405819596,-0.042493166,true
14.025992,4.471081715,7.405931747,-0.042495729,true
14.045973,4.467062850,7.406034073,-0.042492794,true
14.065116,4.463457027,7.406127089,-0.042488506,true
14.084136,4.460228625,7.406211277,-0.042490170,true
14.104731,4.457345063,7.406287158,-0.042492772,true
14.125892,4.454776083,7.406355252,-0.042493205,false
14.145088,4.452546682,7.406414700,-0.042489879,false
14.165975,4.450750670,7.406462848,-0.042489666,false
14.185496,4.449305738,7.406501747,-0.042487443,false
14.202281,4.448351812,7.406527497,-0.042490963,false
14.222534,4.447360406,7.406554310,-0.042492677,false
14.242595,4.446546801,7.406576346,-0.042493020,false
14.265268,4.445751000,7.406597920,-0.042492076,false
14.282677,4.445305774,7.406609997,-0.042494498,false
14.305890,4.444736016,7.406625455,-0.042492505,false
14.324322,4.444408001,7.406634356,-0.042490786,false
14.342354,4.444043348,7.406644250,-0.042491307,false
14.364822,4.443658377,7.406654698,-0.042487503,false
14.384578,4.443374300,7.406662410,-0.042487952,false
14.404608,4.443119802,7.406669320,-0.042482880,false
14.424881,4.442891806,7.406675510,-0.042477701,false
14.442841,4.442726627,7.406679994,-0.042475674,false
14.466270,4.442504572,7.406686022,-0.042476759,false
14.484773,4.442340649,7.406690472,-0.042475784,false
14.503006,4.442221891,7.406693697,-0.042478049,false
14.525801,4.442062243,7.406698031,-0.042479115,false
14.544065,4.441944390,7.406701231,-0.042477606,false
14.564772,4.441838811,7.406704098,-0.042477388,false
14.583955,4.441762322,7.406706174,-0.042478565,false
14.603015,4.441675707,7.406708526,-0.042475255,false
14.622250,4.441598112,7.406710632,-0.042474942,false
14.645562,4.441515592,7.406712873,-0.042477408,false
14.664470,4.441466328,7.406714210,-0.042482638,false
14.683011,4.441410541,7.406715725,-0.042478991,false
14.705781,4.441351213,7.406717336,-0.042479563,false
14.726278,4.441307416,7.406718525,-0.042479739,false
14.745080,4.441268181,7.406719590,-0.042476060,false
14.765979,4.441233033,7.406720545,-0.042479545,false
14.783954,4.441207569,7.406721236,-0.042482404,false
14.806692,4.441173337,7.406722166,-0.042480524,false
14.822958,4.441152901,7.406722720,-0.042475243,false
14.845918,4.441125429,7.406723466,-0.042473636,false
14.864066,4.441109029,7.406723911,-0.042471568,false
14.886392,4.441086981,7.406724510,-0.042472287,false
14.904718,4.441070706,7.406724952,-0.042469123,false
14.924605,4.441056125,7.406725347,-0.042469707,false
14.945350,4.441043063,7.406725702,-0.042472410,false
14.964089,4.441033600,7.406725959,-0.042475032,false
14.984041,4.441032447,7.406729185,-0.042471222,false
15.005658,4.441030895,7.406731476,-0.042471326,false
15.023743,4.441029114,7.406732442,-0.042467981,false
15.044953,4.441026323,7.406733146,-0.042468068,false
15.066462,4.441024189,7.406733417,-0.042467709,false
15.082935,4.441022633,7.406733542,-0.042469057,false
15.103241,4.441020866,7.406733641,-0.042470487,false
15.124493,4.441019283,7.406733707,-0.042470100,false
15.145575,4.441017598,7.406733764,-0.042473242,false
15.164778,4.441016354,7.406733802,-0.042469212,false
15.184279,4.441015239,7.406733834,-0.042469360,false
15.205821,4.441014241,7.406733862,-0.042468807,false
15.223818,4.441013347,7.406733886,-0.042466620,false
15.245271,4.441012545,7.406733908,-0.042471072,false
15.266298,4.441011828,7.406733928,-0.042472177,false
15.284413,4.441011185,7.406733945,-0.042473451,false
15.305548,4.441010609,7.406733961,-0.042471835,false
15.323250,4.441010191,7.406733972,-0.042471564,false
15.343078,4.441009719,7.406733985,-0.042474914,false
15.366919,4.441009216,7.406733999,-0.042473604,false
15.384496,4.441008845,7.406734009,-0.042478779,false
15.404404,4.441008576,7.406734016,-0.042477660,false
15.426576,4.441008215,7.406734026,-0.042474340,false
15.446058,4.441007948,7.406734033,-0.042474112,false
15.463182,4.441007755,7.406734039,-0.042472396,false
15.482544,4.441007736,7.406734091,-0.042475626,false
15.506934,4.441007700,7.406734151,-0.042472562,false
15.525924,4.441007654,7.406734174,-0.042472430,false
15.542338,4.441007616,7.406734184,-0.042471504,false
15.564018,4.441007571,7.406734190,-0.042469510,false
15.585097,4.441007526,7.406734194,-0.042471261,false
15.605834,4.441007501,7.406734198,-0.042468145,false
15.624572,4.441007489,7.406734205,-0.042468987,false
15.643928,4.441007483,7.406734210,-0.042468919,false
15.663860,4.441007476,7.406734214,-0.042469353,false
15.684140,4.441007478,7.406734216,-0.042472456,false
15.703520,4.441007491,7.406734219,-0.042472155,false
15.722959,4.441007514,7.406734221,-0.042473682,false
15.742748,4.441007546,7.406734223,-0.042478223,false
15.766845,4.441007596,7.406734224,-0.042478758,false
15.784578,4.441007648,7.406734225,-0.042478456,false
15.805983,4.441007710,7.406734226,-0.042483355,false
15.826106,4.441007781,7.406734226,-0.042486652,false
15.844559,4.441007861,7.406734226,-0.042488236,false
15.866466,4.441007947,7.406734225,-0.042491174,false
15.885214,4.441008040,7.406734224,-0.042491438,false
15.904603,4.441008138,7.406734223,-0.042493681,false
15.926251,4.441008242,7.406734221,-0.042495990,false
15.944558,4.441008349,7.406734220,-0.042494594,false
15.964224,4.441008437,7.406734218,-0.042494543,false
15.986453,4.441008452,7.406734218,-0.042491999,false
16.006046,4.441008470,7.406734218,-0.042494809,false
16.026164,4.441008489,7.406734217,-0.042496878,false
16.043325,4.441008506,7.406734217,-0.042496539,false
16.065693,4.441008533,7.406734217,-0.042495037,false
16.082331,4.441008553,7.406734216,-0.042497663,false
16.107077,4.441008585,7.406734216,-0.042497688,false
16.125784,4.441008615,7.406734215,-0.042498893,false
16.142852,4.441008641,7.406734215,-0.042500893,false
16.162435,4.441008675,7.406734214,-0.042498980,false
16.187042,4.441008720,7.406734213,-0.042498013,false
16.203297,4.441008752,7.406734213,-0.042498956,false
16.224189,4.441008796,7.406734212,-0.042498702,false
16.242337,4.441008843,7.406734211,-0.042497121,false
16.263761,4.441008893,7.406734210,-0.042498229,false
16.285112,4.441008960,7.406734208,-0.042497722,false
16.305696,4.441009020,7.406734207,-0.042505715,false
16.323504,4.441009072,7.406734206,-0.042506052,false
16.345888,4.441009156,7.406734204,-0.042509204,false
16.366236,4.441009232,7.406734203,-0.042513110,false
16.382984,4.441009297,7.406734201,-0.042514332,false
16.406877,4.441009403,7.406734199,-0.042514539,false
16.425303,4.441009499,7.406734197,-0.042515203,false
16.446398,4.441009602,7.406734194,-0.042513258,false
16.462947,4.441009691,7.406734192,-0.042511243,false
16.485088,4.441009707,7.406734192,-0.042508652,false
16.506431,4.441009725,7.406734192,-0.042507070,false
16.523750,4.441009741,7.406734192,-0.042505426,false
16.546300,4.441009767,7.406734192,-0.042506623,false
16.565710,4.441009791,7.406734191,-0.042509877,false
16.583611,4.441009812,7.406734191,-0.042509377,false
16.604572,4.441009845,7.406734191,-0.042503790,false
16.626517,4.441009877,7.406734190,-0.042501790,false
16.644124,4.441009903,7.406734190,-0.042501362,false
16.662878,4.441009939,7.406734189,-0.042501127,false
16.684525,4.441009987,7.406734188,-0.042502097,false
16.703545,4.441010021,7.406734187,-0.042501632,false
16.722970,4.441010067,7.406734186,-0.042501234,false
16.744191,4.441010116,7.406734185,-0.042499393,false
16.766593,4.441010181,7.406734184,-0.042498450,false
16.784315,4.441010228,7.406734183,-0.042500827,false
16.804591,4.441010304,7.406734182,-0.042501681,false
16.825789,4.441010373,7.406734180,-0.042500898,false
16.846110,4.441010448,7.406734179,-0.042499237,false
16.864345,4.441010512,7.406734177,-0.042497111,false
16.883646,4.441010597,7.406734175,-0.042505000,false
16.905364,4.441010709,7.406734173,-0.042507666,false
16.922703,4.441010790,7.406734171,-0.042508046,false
16.946906,4.441010920,7.406734168,-0.042502642,false
16.964714,4.441011012,7.406734166,-0.042502520,false
16.982802,4.441011025,7.406734166,-0.042505086,false
17.004920,4.441011046,7.406734166,-0.042504152,false
17.024593,4.441011067,7.406734166,-0.042505623,false
17.043889,4.441011084,7.406734166,-0.042507864,false
17.066632,4.441011113,7.406734165,-0.042504816,false
17.085757,4.441011140,7.406734165,-0.042507994,false
17.103334,4.441011163,7.406734164,-0.042508784,false
17.125451,4.441011200,7.406734164,-0.042508236,false
17.145721,4.441011234,7.406734163,-0.042505846,false
