robot_time_seconds,robot_x_meters,robot_y_meters,robot_heading_radians,gui_time_seconds,gui_x_meters,gui_y_meters,gui_heading_radians,position_error_meters,heading_error_degrees
0,4.42627,7.40708,-0.010601181,0,4.42627,7.40708,-0.0106,0,-0.00006766631560491612
0.04780599999999957,4.426509108,7.407077152,-0.010596159,0,4.42627,7.40708,-0.0106,0.0002391249605714191,0.00022007308910970455
0.06798199999999976,4.428369424,7.407050389,-0.010592578,0,4.42627,7.40708,-0.0106,0.0020996328114934936,0.0004252492755460961
0.09044799999999942,4.432937314,7.406971032,-0.010590835,0,4.42627,7.40708,-0.0106,0.006668204405957085,0.0005251158192374118
0.1079340000000002,4.43736355,7.406885591,-0.01058725,0.007997325108794043,4.446256851851851,7.406571759259259,-0.0106,0.008898837462817437,0.0007305211887918343
0.13064699999999974,4.446020668,7.406707912,-0.010582931,0.007997325108794043,4.446256851851851,7.406571759259259,-0.0106,0.00027261764558927324,0.0009779816605087887
0.14995099999999972,4.455039595,7.40651465,-0.010583868,0.007997325108794043,4.446256851851851,7.406571759259259,-0.0106,0.008782928820948116,0.0009242955151050611
0.16983899999999963,4.463407242,7.406331284,-0.010580619,0.015994650217588086,4.466243703703704,7.406063518518518,-0.0106,0.0028490723665173094,0.0011104495027430832
0.19173499999999954,4.477832904,7.406009901,-0.01058388,0.02399197532638213,4.486230555555555,7.405555277777777,-0.0106,0.008409948508921532,0.0009236079657508685
0.20892800000000022,4.488671115,7.405765605,-0.010579591,0.02399197532638213,4.486230555555555,7.405555277777777,-0.0106,0.0024496056707713964,0.0011693495640825399
0.230086,4.506712656,7.405355644,-0.010577732,0.03198930043517617,4.506217407407407,7.405047037037037,-0.0106,0.0005835318552188111,0.0012758624181973535
0.25028700000000015,4.523343083,7.404974964,-0.010579744,0.039986625543970214,4.526204259259259,7.404538796296296,-0.0106,0.0028942307876707912,0.001160583309816981
0.2705599999999997,4.545161912,7.404472569,-0.010579299,0.04798395065276425,4.546191111111111,7.404030555555555,-0.0106,0.001120101198723243,0.0011860799317003003
0.2902509999999996,4.560809038,7.404110653,-0.01057807,0.05598127576155829,4.566177962962962,7.403522314814815,-0.0106,0.005401064439354894,0.001256496444721888
0.3099569999999998,4.57731714,7.403727564,-0.010577844,0.06397860087035233,4.586164814814815,7.403014074074074,-0.0106,0.008876396650843735,0.0012694452908918867
0.33155,4.603657005,7.403113877,-0.010578076,0.07197592597914637,4.606151666666666,7.402505833333333,-0.0106,0.0025676942831480087,0.001256152670044791
0.34888799999999964,4.622244842,7.402679081,-0.010577747,0.07997325108794041,4.626138518518518,7.4019975925925925,-0.0106,0.003952865198851413,0.001275002981504613
0.3701129999999999,4.651628551,7.401989075,-0.010575124,0.08797057619673446,4.64612537037037,7.401489351851851,-0.0106,0.0055258230397946485,0.0014252898111674396
0.3904999999999994,4.677458316,7.401379992,-0.010573721,0.10396522641432253,4.686099074074074,7.40047287037037,-0.0106,0.008688243190979885,0.0015056757898243235
0.4104219999999996,4.704477649,7.400740292,-0.010577373,0.11196255152311659,4.706085925925926,7.399964629629629,-0.0106,0.0017855550350730856,0.001296431603042557
0.43013999999999974,4.72693015,7.400206783,-0.010576843,0.11995987663191063,4.726072777777778,7.399456388888889,-0.0106,0.0011393763423158303,0.0013267983661844097
0.45182199999999995,4.761970069,7.399370884,-0.010577879,0.13595452684949874,4.766046481481482,7.398439907407407,-0.0106,0.004181370126541429,0.001267439938608891
0.4686439999999994,4.786216854,7.398790117,-0.010581906,0.1439518519582928,4.786033333333333,7.397931666666667,-0.0106,0.0008778478284383679,0.001036709834509697
0.4902999999999995,4.817498773,7.398038179,-0.010580201,0.15994650217588088,4.826007037037037,7.396915185185185,-0.0106,0.00858205523357073,0.0011343991385795685
0.510688,4.856430109,7.397098372,-0.010580772,0.175941152393469,4.86598074074074,7.395898703703703,-0.0106,0.00962568286764017,0.0011016832484775244
0.5301520000000002,4.883208067,7.396449422,-0.010580661,0.18393847750226305,4.885967592592593,7.395390462962963,-0.0106,0.0029557360738564627,0.0011080430800035083
0.5492359999999996,4.917584686,7.395613578,-0.010580043,0.19993312771985114,4.925941296296296,7.394373981481481,-0.0106,0.008448049193327893,0.0011434518717425418
0.5715569999999994,4.960130535,7.394574793,-0.010577246,0.21592777793743925,4.965915,7.3933575,-0.0106,0.005911162117897924,0.0013037081670406654
0.5887979999999997,4.989259557,7.393861116,-0.010572816,0.2239251030462333,4.985901851851851,7.392849259259259,-0.0106,0.0035068558461509238,0.0015575284702836034
0.6101979999999996,5.034071042,7.39275937,-0.010572229,0.2399197532638214,5.025875555555555,7.391832777777777,-0.0106,0.008247700964957265,0.001591161092857772
0.6283409999999998,5.064673743,7.392004249,-0.010573042,0.2559144034814095,5.065849259259259,7.390816296296296,-0.0106,0.0016712480671704658,0.001544579624113704
0.6519170000000001,5.111642057,7.390841145,-0.010576561,0.2719090536989976,5.105822962962963,7.389799814814815,-0.0106,0.005911533131638741,0.0013429557760071423
0.6691690000000001,5.143647669,7.390045835,-0.010580526,0.2879037039165857,5.145796666666667,7.3887833333333335,-0.0106,0.002492408760551397,0.0011157780102377783
0.688409,5.184415796,7.389029829,-0.010583589,0.3038983541341738,5.185770370370371,7.387766851851851,-0.0106,0.0018520213286060106,0.0009402810375892454
0.7123359999999996,5.234426744,7.387779398,-0.010579314,0.31989300435176193,5.225744074074074,7.38675037037037,-0.0106,0.008743434960307772,0.0011852204950076588
0.7305729999999997,5.276986691,7.386712011,-0.010578094,0.3438849796781441,5.285704629629629,7.385225648148148,-0.0106,0.008843739507546817,0.0012551213460136016
0.7484989999999998,5.311599294,7.385841904,-0.010576242,0.3518823047869381,5.305691481481482,7.384717407407408,-0.0106,0.006013879059368384,0.0013612331296718359
0.771897,5.364436409,7.384510064,-0.010580199,0.37587428011332025,5.365652037037037,7.383192685185185,-0.0106,0.0017925508266584554,0.0011345137301385345
0.7889859999999995,5.400259392,7.383604605,-0.010583175,0.39186893033090836,5.40562574074074,7.382176203703704,-0.0106,0.005553199894701311,0.0009640014903076001
0.808427,5.445694783,7.382453644,-0.01058249,0.4078635805484964,5.445599444444444,7.381159722222222,-0.0106,0.001297429384276435,0.001003249099274077
0.8296469999999996,5.501156977,7.381045193,-0.010581557,0.43185555587487856,5.50556,7.379635,-0.0106,0.0046233381701729585,0.0010567060615597735
0.8487419999999997,5.538687454,7.380089985,-0.010579144,0.4478502060924667,5.545533703703704,7.378618518518518,-0.0106,0.007002595848083369,0.001194960777524825
0.8718490000000001,5.595795104,7.378633386,-0.010582462,0.4718421814188488,5.60549425925926,7.377093796296296,-0.0106,0.00982058802714899,0.0010048533811003939
0.8884309999999997,5.634395871,7.377646739,-0.010577755,0.4798395065276429,5.625481111111111,7.376585555555556,-0.0106,0.008977697599011654,0.0012745446152685506
0.9100440000000001,5.69306997,7.376143923,-0.010579429,0.503831481854025,5.685441666666667,7.375060833333333,-0.0106,0.007704809859521544,0.0011786314803636437
0.9300709999999999,5.742656376,7.374871054,-0.010576862,0.5278234571804072,5.745402222222222,7.373536111111111,-0.0106,0.003053153123032924,0.0013257097463737373
0.9504549999999998,5.79285497,7.373579829,-0.010575636,0.5438181073979953,5.785375925925926,7.37251962962963,-0.0106,0.0075538151266008255,0.0013959543720567765
0.9710329999999994,5.843650873,7.372270624,-0.010575585,0.5678100827243775,5.845336481481482,7.3709949074074075,-0.0106,0.0021139367959950636,0.0013988764568118965
0.9904250000000001,5.895029563,7.370943523,-0.01057842,0.5838047329419656,5.885310185185185,7.369978425925926,-0.0106,0.00976717551134902,0.0012364429218923287
1.009588,5.936542586,7.369869026,-0.010580847,0.6077967082683478,5.945270740740741,7.368453703703704,-0.0106,0.00884216163507022,0.001097386065014019
1.0309489999999997,5.999478965,7.368236139,-0.010580875,0.6317886835947298,6.005231296296296,7.366928981481482,-0.0106,0.005898980939159837,0.001095781783187702
1.0507799999999996,6.052522369,7.366856313,-0.010580615,0.647783333812318,6.045205,7.3659125,-0.0106,0.007377985637091528,0.0011106786858611144
1.0711459999999997,6.106093911,7.365458988,-0.010577577,0.6717753091387001,6.105165555555556,7.364387777777778,-0.0106,0.0014175102015236217,0.0012847432640218782
1.0911400000000002,6.160180739,7.364043949,-0.010575688,0.6957672844650823,6.165126111111111,7.362863055555556,-0.0106,0.005084408976910327,0.0013929749915220742
1.1091749999999996,6.203812769,7.362898901,-0.010572871,0.7117619346826703,6.205099814814815,7.361846574074074,-0.0106,0.0016624917709459261,0.0015543772024104526
1.1285340000000001,6.258795693,7.361450333,-0.010573483,0.7357539100090525,6.265060370370371,7.360321851851852,-0.0106,0.006365504870516174,0.0015193121853484157
1.1522519999999998,6.32540894,7.359685307,-0.010571606,0.7597458853354346,6.3250209259259265,7.35879712962963,-0.0106,0.0009692336988144737,0.0016268563634944191
1.1697670000000002,6.370192473,7.358491062,-0.010570397,0.7757405355530228,6.36499462962963,7.3577806481481485,-0.0106,0.005246166557002307,0.0016961269609257518
1.1893219999999998,6.426583077,7.35697524,-0.010567568,0.7997325108794049,6.424955185185185,7.356255925925926,-0.0106,0.0017797315802956743,0.001858216721168323
1.2109549999999993,6.494755933,7.354983482,-0.010567695,0.8237244862057871,6.484915740740741,7.354731203703704,-0.0106,0.009843425625155928,0.001850940157170115
1.2312089999999998,6.551630589,7.352795659,-0.010567776,0.8477164615321693,6.544876296296296,7.3532064814814815,-0.0106,0.00676677508408533,0.0018462991990296127
1.2487579999999996,6.596723047,7.350288767,-0.010567014,0.8716071856735814,6.601785555555556,7.342047916666667,-0.030821805555555554,0.009671639317689289,1.1605140710505528
1.271789,6.662994062,7.344433352,-0.010563253,0.8952954074450536,6.652592222222222,7.3116216666666665,-0.09148722222222222,0.034420995993379874,4.636601897879904
1.2909579999999998,6.716576905,7.337117215,-0.011162165,0.9110875552927018,6.686463333333334,7.2913375,-0.13193083333333333,0.05479607197605196,6.919534992915234
1.3088109999999995,6.758068525,7.329347021,-0.013653316,0.934775777064174,6.7372700000000005,7.26091125,-0.19259625,0.07152645241125839,10.25267489188804
1.329929,6.807892952,7.316950241,-0.020207639,0.9505679249118222,6.7711411111111115,7.240627083333333,-0.23303986111111114,0.08471081515918188,12.194388071357587
1.3492049999999995,6.855184872,7.301398001,-0.030517204,0.9663600727594703,6.8050122222222225,7.220342916666667,-0.2734834722222222,0.09532691897888688,13.920941733176862
1.3710569999999995,6.908032918,7.278230483,-0.047516393,0.9900482945309426,6.855818888888889,7.189916666666667,-0.3341488888888889,0.10259451735533236,16.422832285734252
1.3899439999999998,6.948477042,7.255133567,-0.064524082,1.0058404423785907,6.88969,7.1696325000000005,-0.3745925,0.10376101756077842,17.76561171169825
1.4104580000000002,6.985509835,7.228880417,-0.083765045,1.0216325902262389,6.923561111111112,7.149348333333333,-0.4150361111111111,0.10081168942054014,18.980433962965943
1.4295900000000001,7.012741426,7.205892476,-0.100531426,1.037424738073887,6.957432222222223,7.129064166666667,-0.45547972222222227,0.09466624074901248,20.33703931889268
1.4499779999999998,7.050608106,7.169193565,-0.127545355,1.0532168859215352,6.991303333333334,7.10878,-0.4959233333333333,0.08465727905534262,21.106503424061682
1.4715729999999994,7.080275813,7.137438407,-0.150985947,1.0769051076930074,7.04211,7.07835375,-0.5565887500000001,0.07033936291123684,23.239328770576172
1.4907069999999996,7.109078039,7.105374674,-0.175687208,1.0926972555406556,7.075981111111111,7.058069583333333,-0.5970323611111111,0.057733683744101,24.141298991560134
1.5089959999999998,7.131882694,7.079845684,-0.195741932,1.1084894033883037,7.109852222222223,7.037785416666667,-0.6374759722222223,0.04748060419690233,25.309496171995487
1.5305049999999998,7.166220143,7.042226149,-0.227130614,1.1242815512359519,7.143723333333334,7.01750125,-0.6779195833333334,0.03342793855053657,25.828305393852297
1.5482429999999994,7.189390492,7.017758727,-0.247876739,1.1400736990836,7.177594444444445,6.997217083333333,-0.7183631944444445,0.02368767321754618,26.956888215036525
1.5716159999999997,7.224809235,6.982219597,-0.280217134,1.1558658469312482,7.211465555555556,6.976932916666667,-0.7588068055555556,0.014352796593798333,27.421168298685593
1.5901999999999994,7.255007964,6.953738078,-0.307548892,1.1716579947788963,7.245336666666667,6.95664875,-0.7992504166666666,0.010099802156543559,28.172422143547745
1.6105739999999997,7.285873822,6.926331192,-0.335537607,1.1953462165503685,7.296143333333333,6.9262225,-0.8599158333333334,0.010270086512601582,30.044659237455857
1.6282509999999997,7.311034904,6.905165948,-0.358450653,1.2032422904741926,7.31307888888889,6.9160804166666665,-0.880137638888889,0.011104210935571434,29.890462518334267
1.6523659999999998,7.349538959,6.874643144,-0.392560263,1.2269305122456649,7.363885555555556,6.885654166666667,-0.9408030555555555,0.018085006300627395,31.41199816189964
1.6699890000000002,7.382278384,6.850272257,-0.42148798,1.242722660093313,7.397756666666667,6.8653699999999995,-0.9812466666666667,0.02162218948217929,32.07181029178587
1.6892749999999994,7.408850648,6.831399826,-0.445371431,1.250618734017137,7.4146922222222225,6.855227916666666,-1.0014684722222222,0.02453368896461762,31.862013461745896
1.711977,7.449265248,6.804007247,-0.482089366,1.2743069557886093,7.465498888888889,6.824801666666667,-1.0621338888888887,0.02638065552223549,33.23410309121279
1.7301469999999997,7.483412475,6.781956741,-0.51278033,1.2900991036362575,7.499370000000001,6.804517499999999,-1.1025775,0.027633864202852684,33.792888609759935
1.7483129999999996,7.511007217,6.764772761,-0.537558509,1.3058912514839056,7.533241111111112,6.784233333333333,-1.143021111111111,0.029547587429179466,34.69045175397531
1.7709019999999995,7.552786862,6.739630518,-0.576140572,1.3216833993315538,7.567112222222223,6.7639491666666665,-1.183464722222222,0.0282243267141875,34.79711060410252
1.788805,7.580856677,6.723212011,-0.602248796,1.337475547179202,7.600983333333334,6.743665,-1.2239083333333334,0.028695070207166905,35.61846778325543
1.810746,7.623298623,6.699162115,-0.64159913,1.35326769502685,7.634854444444445,6.723380833333333,-1.2643519444444444,0.026834368391396617,35.681107947560356
1.8293289999999995,7.665773702,6.675278809,-0.682538589,1.3769559167983223,7.685661111111111,6.692954583333333,-1.3250173611111111,0.026607180223308474,36.811322068714084
1.8493899999999996,7.686676317,6.662892739,-0.70398014,1.3848519907221464,7.7025966666666665,6.6828125,-1.3452391666666665,0.025500086505854103,36.741435802667105
1.8686989999999994,7.720395671,6.640940804,-0.739471244,1.4006441385697945,7.736467777777778,6.662528333333333,-1.3856827777777776,0.02691345460905772,37.0251935581423
1.8915939999999996,7.75810713,6.611704586,-0.782304116,1.4164362864174427,7.770338888888889,6.642244166666666,-1.4261263888888889,0.032898053328604744,36.8882989930533
1.9088029999999998,7.781229854,6.590388156,-0.809506383,1.4480223412698707,7.802287959183674,6.582522040816326,-1.471245918367347,0.022479314091170096,37.914882513497055
1.9307989999999995,7.812355491,6.555804241,-0.849120752,1.4559192947722608,7.80132693877551,6.562803061224489,-1.4735838775510204,0.013061870030857778,35.7791015556215
1.9505689999999998,7.834729958,6.52483583,-0.879781812,1.4796101552794307,7.798443877551021,6.50364612244898,-1.4805977551020408,0.042020034988651644,34.42421780391914
1.9704100000000002,7.850197762,6.498890135,-0.90276521,1.4875071087818206,7.797482857142858,6.483927142857143,-1.4829357142857142,0.054797375192291345,33.24132129354807
1.9886309999999998,7.866408742,6.465270144,-0.930644908,1.5033010157866005,7.795560816326531,6.444489183673469,-1.487611632653061,0.07383276294658243,31.911842651845426
2.0128819999999994,7.874356933,6.4445641,-0.946804854,1.5111979692889905,7.7945997959183675,6.424770204081632,-1.4899495918367347,0.08217663433778144,31.119901142784446
2.028614,7.887658346,6.395133258,-0.982606112,1.5269918762937704,7.792677755102041,6.385332244897959,-1.4946255102040815,0.09548493339345188,29.33655054592215
2.051405,7.893262317,6.352001339,-1.011737764,1.5427857832985503,7.790755714285714,6.3458942857142855,-1.4993014285714286,0.10268836204682073,27.935340223875
2.07038,7.893909177,6.323092812,-1.030852782,1.5506827368009404,7.7897946938775515,6.326175306122448,-1.501639387755102,0.10416010448280856,26.97408556105674
2.091622,7.890133876,6.279830838,-1.058297296,1.5664766438057203,7.787872653061225,6.286737346938775,-1.506315306122449,0.10249418316497433,25.669541125865713
2.109355,7.884552987,6.251216874,-1.076142866,1.5743735973081103,7.786911632653061,6.267018367346939,-1.5086532653061224,0.09891168419705437,24.78102047575878
2.130471,7.872155872,6.208603122,-1.101691766,1.5901675043128902,7.784989591836735,6.2275804081632655,-1.5133291836734692,0.08920817108103604,23.585086722353665
2.149405,7.861776464,6.180356071,-1.117863431,1.60596141131767,7.783067551020408,6.188142448979591,-1.5180051020408163,0.07909311388780992,22.926428957950932
2.171203,7.844570802,6.137832564,-1.141066893,1.6217553183224496,7.781145510204081,6.148704489795918,-1.522681020408163,0.0643503411794325,21.864878903055416
2.188395,7.832576807,6.10926086,-1.156106805,1.6375492253272292,7.779223469387755,6.109266530612245,-1.5273569387755102,0.05335333791359236,21.271065809003936
2.211704,7.81480779,6.065855818,-1.177833949,1.6533431323320087,7.777301428571429,6.069828571428571,-1.532032857142857,0.037716175805810846,20.294102544727625
2.230434,7.800753381,6.029091513,-1.195349844,1.6691370393367884,7.775379387755102,6.030390612244898,-1.536708775510204,0.02540722716158185,19.55842607463001
2.2517119999999995,7.787855389,5.991754267,-1.211903446,1.6849309463415678,7.773457346938775,5.990952653061225,-1.5413846938775508,0.01442033980541488,18.877884932087376
2.268746,7.778574392,5.961477193,-1.224739383,1.6928278998439577,7.772496326530612,5.971233673469388,-1.5437226530612245,0.011494859329270161,18.276395109789913
2.2906639999999996,7.766603761,5.915444597,-1.243226761,1.7165187603511272,7.7696132653061225,5.912076734693877,-1.550736530612245,0.0045165930391802035,17.619011957821925
2.3099619999999996,7.758510527,5.876595748,-1.258365779,1.7323126673559066,7.767691224489796,5.872638775510204,-1.5554124489795917,0.009997141475648811,17.01952050824602
2.328679,7.753304619,5.845254369,-1.269790611,1.7402096208582964,7.766730204081632,5.852919795918368,-1.5577504081632652,0.015459789928229726,16.498881046898358
2.351871,7.747231624,5.798121662,-1.285737868,1.7639004813654657,7.763847142857142,5.793762857142857,-1.5647642857142856,0.01717773694858231,15.98703610768292
2.3708919999999996,7.742883409,5.759295688,-1.297315708,1.7796943883702454,7.7619251020408155,5.754324897959184,-1.5694402040816327,0.01967980760806662,15.591585127601862
2.3915999999999995,7.738222353,5.721478851,-1.308641589,1.795488295375025,7.76000306122449,5.714886938775511,-1.5741161224489795,0.022756373997974918,15.210570334831123
2.4079249999999996,7.733822987,5.692272588,-1.317946754,1.8033852488774147,7.759042040816326,5.6951679591836735,-1.5764540816326529,0.025384716852508208,14.811378846556606
2.4301259999999996,7.72545907,5.650934697,-1.332653089,1.8112822023798045,7.758081020408163,5.675448979591837,-1.5787920408163265,0.040806147814086334,14.102723112849443
2.45202,7.716565485,5.619147193,-1.345668998,1.8191791558821944,7.75712,5.65573,-1.58113,0.054616576740806784,13.49092165452143
2.46819,7.708020158,5.595839843,-1.356574865,1.8191791558821944,7.75712,5.65573,-1.58113,0.07744433736503627,12.86606150349043
2.4907249999999994,7.69250591,5.565239261,-1.372707439,1.8191791558821944,7.75712,5.65573,-1.58113,0.1111915215800831,11.941733100607944
2.510928,7.67721415,5.544192277,-1.385344505,1.8191791558821944,7.75712,5.65573,-1.58113,0.13720644487868364,11.21768255337968
2.5301269999999993,7.66008062,5.527830605,-1.396813973,1.8191791558821944,7.75712,5.65573,-1.58113,0.1605456212799042,10.560530443719324
2.550142,7.641737438,5.516631283,-1.407047805,1.8191791558821944,7.75712,5.65573,-1.58113,0.18072517446313335,9.974175061873403
2.570697,7.623127726,5.510637029,-1.41614759,1.8271102510449553,7.745848173076923,5.672042115384616,-1.5660287499999999,0.20276072115078234,8.587557896525004
2.588985,7.608649375,5.509314966,-1.422688024,1.835041346207716,7.734576346153846,5.688354230769231,-1.5509275,0.21888960777772967,7.3475807417692165
2.610759,7.588224062,5.512244043,-1.431490141,1.8429724413704769,7.723304519230769,5.7046663461538465,-1.53582625,0.23510226004167734,5.9780186965169175
2.6315529999999994,7.572548368,5.51838131,-1.438275445,1.8509035365332376,7.712032692307692,5.720978461538461,-1.5207249999999999,0.24597049119573647,4.724011524231752
2.6517,7.558014387,5.527392604,-1.444639439,1.8588346316959985,7.700760865384615,5.737290576923077,-1.5056237499999998,0.2538379721957024,3.494143636813235
2.6688549999999998,7.547027966,5.536551515,-1.449457526,1.8667657268587594,7.689489038461538,5.753602692307693,-1.4905225,0.25962736900709643,2.352849696014457
2.690729,7.53129693,5.553514862,-1.456199506,1.87469682202152,7.6782172115384615,5.769914807692308,-1.47542125,0.261561666960154,1.1013248060809122
2.7109769999999997,7.518995346,5.570396419,-1.461202249,1.882627917184281,7.666945384615384,5.786226923076923,-1.4603199999999998,0.2616715888597628,-0.050549144179650174
2.730104,7.507445402,5.589416256,-1.465235348,1.8905590123470417,7.655673557692308,5.802539038461538,-1.44521875,0.2596014378698454,-1.1468665856100044
2.7517519999999998,7.496603715,5.610335725,-1.468234517,1.8984901075098026,7.64440173076923,5.818851153846154,-1.4301175,0.25558352359300723,-2.183944201728412
2.769965,7.486404961,5.632971444,-1.470150032,1.9064212026725635,7.633129903846154,5.83516326923077,-1.4150162499999999,0.2498194208690696,-3.1589330171943577
2.7908359999999997,7.476762473,5.657177728,-1.470154715,1.9143522978353242,7.621858076923076,5.851475384615385,-1.399915,0.24249600748060224,-4.0244392237017435
2.8112509999999995,7.467585262,5.682831649,-1.470152917,1.9222833929980851,7.61058625,5.8677875,-1.38481375,0.23379039627005757,-4.889574096262117
2.8301919999999994,7.458806932,5.70984098,-1.470150156,1.9302144881608458,7.5993144230769225,5.884099615384615,-1.3697124999999999,0.22384911671668428,-5.754653792986822
2.847912,7.452012332,5.732366257,-1.470150245,1.9381455833236068,7.588042596153846,5.900411730769231,-1.35461125,0.21620248384348073,-6.619896782683113
2.8710119999999995,7.442028597,5.76757532,-1.470152294,1.9460766784863677,7.576770769230769,5.916723846153847,-1.33951,0.20099934286293286,-7.485252072107281
2.8915989999999994,7.433726374,5.79812636,-1.470153493,1.9540077736491284,7.565498942307692,5.933035961538462,-1.32440875,0.1885858169260663,-8.350558660118852
2.9115389999999994,7.425188384,5.829667755,-1.470150546,1.9619388688118893,7.554227115384615,5.949348076923077,-1.3093075,0.17599537963526812,-9.21562769982855
2.9297639999999996,7.418061688,5.855563456,-1.469519581,1.96986996397465,7.542955288461538,5.965660192307692,-1.29420625,0.16649235052053288,-10.044713958680015
2.95174,7.406647992,5.89542981,-1.466288899,1.9778010591374109,7.531683461538461,5.981972307692308,-1.279105,0.15206404094830064,-10.724847405503079
2.971483,7.396298483,5.929507044,-1.4620439,1.9857321543001718,7.520411634615384,5.998284423076923,-1.2640037499999999,0.14189574439212108,-11.346864769137762
2.988354,7.387392315,5.957281962,-1.457891378,1.9936632494629325,7.509139807692307,6.0145965384615385,-1.2489024999999998,0.13456378655429194,-11.974180674574475
3.00913,7.375418432,5.99259462,-1.451809718,2.009525439788454,7.486596153846153,6.047220769230769,-1.2187,0.12387292688349151,-13.356203004884804
3.03174,7.35975774,6.035772891,-1.443411507,2.025387630113976,7.464052499999999,6.079845000000001,-1.1884975,0.11322432492695819,-14.605496739868322
3.050573,7.345604463,6.072364825,-1.435533871,2.0412498204394973,7.441508846153846,6.112469230769231,-1.1582949999999999,0.10395197963590165,-15.884617225271885
3.0712399999999995,7.330437272,6.10946189,-1.426638175,2.057112010765019,7.4189651923076925,6.145093461538462,-1.1280925,0.09542956336642022,-17.105407169384332
3.090426,7.317569498,6.139477181,-1.418905744,2.0809052962533015,7.385149711538461,6.194029807692308,-1.08278875,0.08685087415181447,-19.258085178824015
3.110728,7.297056226,6.185022659,-1.406450859,2.0967674865788233,7.362606057692307,6.226654038461539,-1.05258625,0.0776527667939815,-20.27494861474708
3.1288159999999996,7.282584995,6.21571185,-1.397439169,2.112629676904345,7.3400624038461535,6.259278269230769,-1.02238375,0.07212271079388986,-21.489092592210717
3.1499179999999996,7.259709178,6.262200818,-1.382913704,2.1284918672298665,7.31751875,6.2919025,-0.9921812499999999,0.06499335757177266,-22.38732053298958
3.1716049999999996,7.239580812,6.301324342,-1.369866094,2.1522851527181492,7.283703269230769,6.340838846153846,-0.9468774999999999,0.059229952478500394,-24.235461218372702
3.190831,7.218501552,6.340762707,-1.355987493,2.1681473430436706,7.261159615384615,6.373463076923077,-0.9166749999999999,0.053749647113557335,-25.170751736270525
3.211247,7.196509569,6.380506296,-1.341463385,2.1840095333691925,7.2386159615384615,6.4060873076923075,-0.8864725,0.04926800637132573,-26.069057427422194
3.2301079999999995,7.178286822,6.412515177,-1.329118576,2.199871723694714,7.216072307692308,6.438711538461539,-0.8562699999999999,0.04597817180823096,-27.092227753570953
3.250463,7.154749721,6.452782722,-1.312850729,2.2157339140202357,7.193528653846154,6.47133576923077,-0.8260675,0.04298861703094981,-27.890624559450263
3.2711039999999993,7.125412771,6.50145319,-1.292159956,2.239527199508518,7.1597131730769235,6.520272115384616,-0.78076375,0.03912377199696323,-29.300844262802833
3.2879119999999995,7.105213693,6.534102822,-1.277901405,2.25538938983404,7.137169519230769,6.5528963461538465,-0.75056125,0.037072515158973356,-30.214365249274653
3.310557,7.074060671,6.583405086,-1.255022985,2.279182675322322,7.103354038461538,6.601832692307693,-0.7052574999999999,0.03460748548317327,-31.49924201246278
3.3318779999999997,7.047365423,6.624799843,-1.235524617,2.302975960810605,7.069538557692308,6.650769038461538,-0.6599537499999999,0.034147430576879995,-32.97778148978564
3.349271,7.025571223,6.658123093,-1.218972573,2.3188381511361262,7.046994903846154,6.68339326923077,-0.62975125,0.03312938133639103,-33.75989500701466
3.3714819999999994,6.992200464,6.708472367,-1.193156791,2.342631436624409,7.013179423076923,6.732329615384615,-0.5844475,0.03176924651980997,-34.87647332470067
3.3885489999999994,6.969513605,6.742279234,-1.174855646,2.3584936269499304,6.990635769230769,6.764953846153846,-0.5542449999999999,0.030988447171791438,-35.558370736687586
3.4082999999999997,6.940710011,6.7848181,-1.151406864,2.374355817275452,6.968092115384615,6.797578076923077,-0.5240425,0.030209214680415326,-35.94533027410912
3.4312329999999998,6.905540494,6.83629495,-1.122022511,2.3981491027637345,6.934276634615385,6.846514423076924,-0.47873875,0.030499236177929434,-36.857444534602344
3.448259,6.881770796,6.870884288,-1.101808562,2.4219423882520172,6.9004611538461536,6.895450769230769,-0.433435,0.030868130433815033,-38.294984240725455
3.468609,6.851751676,6.914449413,-1.075702849,2.4378045785775386,6.877917500000001,6.928075,-0.4032324999999999,0.029500965521378562,-38.529712845389525
3.4905239999999997,6.815341969,6.967244789,-1.04369285,2.4615978640658214,6.844102019230769,6.977011346153846,-0.3579287499999999,0.03037311521585644,-39.29138867158734
3.509282,6.79087824,7.002768188,-1.021643838,2.4853911495541037,6.810286538461539,7.0259476923076924,-0.31262499999999993,0.030231961053205234,-40.62378701266984
3.530054,6.753992404,7.056588369,-0.987498021,2.5091844350423864,6.776471057692308,7.074884038461539,-0.26732124999999995,0.02898312255200583,-41.263089481659584
3.5501639999999997,6.723123497,7.101950459,-0.958078831,2.5329777205306687,6.742655576923077,7.123820384615385,-0.22201749999999998,0.029322274682295184,-42.1732077290819
3.569185,6.698425064,7.13861389,-0.934104074,2.5488399108561905,6.7201119230769235,7.156444615384616,-0.19181500000000007,0.028075872637620715,-42.530031118874035
3.591404,6.661539789,7.194337192,-0.897426272,2.572633196344473,6.686296442307692,7.205380961538461,-0.14651124999999987,0.027108240972367106,-43.02426153357336
3.6102789999999993,6.636990827,7.231900066,-0.872662903,2.596426481832755,6.652480961538462,7.2543173076923075,-0.1012074999999999,0.027248431021088107,-44.20113867446408
3.630387,6.599139737,7.288023032,-0.833915076,2.620219767321038,6.618665480769231,7.303253653846154,-0.05590374999999992,0.024763410741701186,-44.57676539317682
3.650613,6.565827954,7.334098344,-0.799864945,2.6520103779181143,6.564863148148149,7.352698240740741,-0.0106,0.01862490292855252,-45.22155026612504
3.6717889999999995,6.530343383,7.379153299,-0.765017342,2.6680050281357017,6.524889444444445,7.3537147222222226,-0.0106,0.026016660705145644,-43.22492968807762
3.689126,6.500196329,7.414245957,-0.737839029,2.6919970034620837,6.464928888888889,7.355239444444445,-0.0106,0.06874271493009089,-41.667727058892076
3.7102179999999993,6.451767482,7.464913881,-0.697539574,2.723986303897259,6.384981481481482,7.357272407407407,-0.0106,0.1266769777917217,-39.3587383707147
3.730041,6.408529199,7.504920407,-0.66488714,2.7479782792236405,6.3250209259259265,7.35879712962963,-0.0106,0.16830223962048835,-37.48789171168522
3.751493,6.363027589,7.542558746,-0.634166612,2.7559756043324346,6.305034074074074,7.359305370370371,-0.0106,0.1922109451959424,-35.72773511287175
3.7712589999999997,6.303805714,7.585299147,-0.573869014,2.7639729294412283,6.2850472222222225,7.359813611111111,-0.0106,0.22626446452962137,-32.27293723269528
3.789230999999999,6.299424288,7.587882386,-0.592434115,2.7719702545500224,6.265060370370371,7.360321851851852,-0.0106,0.23014055604487993,-33.33663916622938
3.811883,6.284596136,7.596858946,-0.626511696,2.779967579658816,6.245073518518518,7.360830092592593,-0.0106,0.23931497431920717,-35.28914073354458
3.8298050000000003,6.272975491,7.603600471,-0.635973679,2.78796490476761,6.225086666666667,7.361338333333333,-0.0106,0.2469499602001423,-35.83127242526912
3.8479790000000005,6.25621776,7.612248304,-0.639282206,2.795962229876404,6.205099814814815,7.361846574074074,-0.0106,0.25556617669373227,-36.0208370587742
3.871096999999999,6.233013138,7.622058471,-0.635127597,2.8039595549851977,6.185112962962963,7.362354814814815,-0.0106,0.26408410744407107,-35.78279549754713
3.8911370000000005,6.211453893,7.629134322,-0.62729303,2.811956880093992,6.165126111111111,7.362863055555556,-0.0106,0.2702714389436526,-35.33390787413465
3.9106380000000005,6.188069322,7.634807666,-0.616633861,2.8199542052027855,6.14513925925926,7.363371296296297,-0.0106,0.2748102856241912,-34.72318247731798
3.9299540000000004,6.170958303,7.637706447,-0.615334792,2.827951530311579,6.125152407407407,7.363879537037037,-0.0106,0.2776316925188915,-34.64875130632169
3.9511760000000002,6.145644716,7.640214629,-0.61330311,2.8359488554203733,6.105165555555556,7.364387777777778,-0.0106,0.27878130189353234,-34.532344502409
3.971767999999999,6.123166953,7.640670585,-0.607045,2.843946180529167,6.085178703703704,7.364896018518519,-0.0106,0.2783787323102217,-34.173781211680385
3.98879,6.104249457,7.639816974,-0.599771565,2.851943505637961,6.065191851851852,7.365404259259259,-0.0106,0.2771783442682563,-33.757044083617636
4.008868,6.079581902,7.637066309,-0.588742291,2.859940830746755,6.045205,7.3659125,-0.0106,0.27332427540620274,-33.12511323232428
4.031668999999999,6.048718551,7.631126331,-0.574318317,2.8679381558555486,6.025218148148149,7.3664207407407405,-0.0106,0.26574671860382826,-32.29868039831785
4.049934,6.027511243,7.625527389,-0.564024041,2.8759354809643427,6.005231296296296,7.366928981481482,-0.0106,0.2595564146697856,-31.70886183037503
4.071270999999999,5.994934452,7.614712481,-0.548124759,2.8839328060731364,5.985244444444445,7.367437222222223,-0.0106,0.24746504773410602,-30.797900074486712
4.090075000000001,5.972779255,7.605976749,-0.537445562,2.8919301311819305,5.965257592592593,7.367945462962963,-0.0106,0.2381500966571644,-30.186027157797938
4.111945,5.938741316,7.591305204,-0.521808903,2.8999274562907242,5.945270740740741,7.368453703703704,-0.0106,0.222947134029023,-29.290112591412687
4.130001999999999,5.909516671,7.578089117,-0.509030402,2.907924781399518,5.925283888888889,7.368961944444444,-0.0106,0.20972071776779003,-28.557958415608987
4.1494219999999995,5.885482909,7.56713175,-0.498888003,2.915922106508312,5.9052970370370375,7.369470185185185,-0.0106,0.19865219322954691,-27.976841758771283
4.170795,5.848213264,7.550428053,-0.483838618,2.9239194316171058,5.885310185185185,7.369978425925926,-0.0106,0.18422336842157716,-27.114575514003793
4.189653999999999,5.822509703,7.539265919,-0.474045685,2.9319167567259,5.8653233333333334,7.370486666666666,-0.0106,0.17412479134379014,-26.553481784049406
4.208653999999999,5.789371839,7.525447923,-0.461862945,2.9399140818346936,5.845336481481482,7.3709949074074075,-0.0106,0.16427956426082221,-25.8554621991442
4.229105000000001,5.755101164,7.511898477,-0.449504782,2.9559087320522814,5.805362777777778,7.372011388888889,-0.0106,0.1486426158265263,-25.147391616709463
4.247847999999999,5.71967188,7.498780896,-0.43738358,2.979900707378663,5.745402222222222,7.373536111111111,-0.0106,0.1278604968422102,-24.452897899483933
4.272546,5.675635184,7.483752339,-0.422829134,2.995895357596251,5.705428518518518,7.374552592592592,-0.0106,0.11319111006247086,-23.618989570532868
4.288435,5.645369713,7.474228026,-0.413137208,3.0118900078138386,5.665454814814815,7.3755690740740745,-0.0106,0.10068267035609202,-23.063683115379757
4.312405999999999,5.598647524,7.460751418,-0.398793225,3.03588198314022,5.60549425925926,7.377093796296296,-0.0106,0.08393733050812646,-22.241833428072358
4.331094,5.558533863,7.450322368,-0.387055267,3.051876633357808,5.565520555555556,7.378110277777778,-0.0106,0.07254929253361603,-21.569297974570528
4.351156,5.5173842,7.440662779,-0.375495495,3.0678712835753954,5.525546851851852,7.379126759259259,-0.0106,0.06207504015936983,-20.906971826837033
4.371691,5.475239213,7.431794084,-0.364261212,3.0918632589017774,5.465586296296296,7.380651481481482,-0.0106,0.05204560109419233,-20.263294825081466
4.3913150000000005,5.432140203,7.423724819,-0.352968649,3.1078579091193648,5.425612592592593,7.381667962962963,-0.0106,0.042560413970625086,-19.616278625295873
4.409927999999999,5.38812816,7.416454325,-0.341733342,3.1238525593369526,5.385638888888889,7.382684444444444,-0.0106,0.03386150178892142,-18.97254295266208
4.4304179999999995,5.334163971,7.40877584,-0.328631319,3.147844534663334,5.325678333333333,7.3842091666666665,-0.0106,0.02599091158995105,-18.221852331678747
4.448452,5.306729844,7.405365945,-0.322158097,3.1558418597721283,5.305691481481482,7.384717407407408,-0.0106,0.020674629414636637,-17.850964031227516
4.472272,5.251002776,7.399348882,-0.309562223,3.17983383509851,5.245730925925926,7.38624212962963,-0.0106,0.014127255957959902,-17.12927361174895
4.489191,5.213237784,7.395943967,-0.301424763,3.1958284853160976,5.205757222222222,7.387258611111111,-0.0106,0.011462731412181518,-16.66303149779242
4.511773999999999,5.155707886,7.391715268,-0.289279222,3.21982046064248,5.145796666666667,7.3887833333333335,-0.0106,0.01033578780563156,-15.967143258589326
4.531159000000001,5.106992927,7.388958298,-0.279410577,3.235815110860069,5.105822962962963,7.389799814814815,-0.0106,0.0014411684140227827,-15.401711550576438
4.55044,5.057606176,7.386861538,-0.269641249,3.251809761077657,5.065849259259259,7.390816296296296,-0.0106,0.00914267656658618,-14.841970287497457
4.571975999999999,5.007574307,7.385388547,-0.260237951,3.27580173640404,5.005888703703704,7.392341018518518,-0.0106,0.007153888361464296,-14.303200998593649
4.5909949999999995,4.956921582,7.384510923,-0.25099954,3.291796386621628,4.965915,7.3933575,-0.0106,0.01261520875529434,-13.773879038886415
4.611044999999999,4.905670684,7.384193664,-0.242100959,3.315788361948011,4.905954444444444,7.394882222222222,-0.0106,0.010692324202888067,-13.26402790393111
4.629612,4.864253333,7.384323105,-0.235197373,3.3317830121655994,4.86598074074074,7.395898703703703,-0.0106,0.011703778144340609,-12.86848156262551
4.651631,4.801456782,7.385119997,-0.225182814,3.355774987491982,4.806020185185185,7.3974234259259255,-0.0106,0.01312246211523767,-12.294689598240756
4.671697,4.748531722,7.386308761,-0.217051105,3.3797669628183646,4.746059629629629,7.398948148148148,-0.0106,0.012878872162127474,-11.828776992312205
4.689639999999999,4.70581363,7.387586404,-0.210647662,3.3957616130359534,4.706085925925926,7.399964629629629,-0.0106,0.012381220247183808,-11.461886734059618
4.710689,4.641125806,7.390011869,-0.201283323,3.419753588362336,4.64612537037037,7.401489351851851,-0.0106,0.012519115644006817,-10.925349631429858
4.730394,4.58667849,7.392503496,-0.193853243,3.4437455636887186,4.586164814814815,7.403014074074074,-0.0106,0.010523122808704601,-10.499637405985297
4.748984,4.542777889,7.394812818,-0.188033023,3.459740213906307,4.546191111111111,7.404030555555555,-0.0106,0.009829383033683426,-10.166163364147664
4.770733,4.476373101,7.39874588,-0.179540684,3.48373218923269,4.486230555555555,7.405555277777777,-0.0106,0.011980705672490098,-9.679588181253314
4.788392999999999,4.43178382,7.401654257,-0.17403816,3.499726839450278,4.446256851851851,7.406571759259259,-0.0106,0.01528562983506163,-9.36431677938387
4.810732999999999,4.364997057,7.406338779,-0.165744814,3.5077241645590727,4.42627,7.40708,-0.0106,0.06127742612456927,-8.889143055542167
4.831151,4.310032231,7.410488099,-0.158834167,3.5077241645590727,4.42627,7.40708,-0.0106,0.11628772110971593,-8.493192148737421
4.85056,4.256304973,7.414800129,-0.15212889,3.5077241645590727,4.42627,7.40708,-0.0106,0.1701402679993403,-8.109008076171282
4.869662999999999,4.214473394,7.418250359,-0.146872966,3.5077241645590727,4.42627,7.40708,-0.0106,0.21209096924034307,-7.807865813529764
4.888450000000001,4.164025862,7.422346476,-0.14045774,3.5077241645590727,4.42627,7.40708,-0.0106,0.26268812916616835,-7.440300439107172
4.909056999999999,4.115919362,7.42599488,-0.134260168,3.5077241645590727,4.42627,7.40708,-0.0106,0.31092650448686665,-7.085205720278719
4.930071,4.070392958,7.428980783,-0.128239061,3.5077241645590727,4.42627,7.40708,-0.0106,0.3565502956367902,-6.740221701182041
4.9505680000000005,4.019390218,7.431305354,-0.12124634,3.5077241645590727,4.42627,7.40708,-0.0106,0.4076003247996654,-6.339568300569541
4.971339,3.980121629,7.431785466,-0.115691067,3.5077241645590727,4.42627,7.40708,-0.0106,0.44683188001331153,-6.021274603626562
4.987959999999999,3.950981056,7.430884544,-0.111429442,3.5077241645590727,4.42627,7.40708,-0.0106,0.4758846883475901,-5.777101477259122
5.010669999999999,3.91148328,7.426640351,-0.105094466,3.5077241645590727,4.42627,7.40708,-0.0106,0.5151582032925431,-5.414134089142455
5.030925,3.882714052,7.41998785,-0.100003014,3.5077241645590727,4.42627,7.40708,-0.0106,0.543709188075575,-5.122415377949013
5.049232999999999,3.86270927,7.412606032,-0.095961124,3.5077241645590727,4.42627,7.40708,-0.0106,0.563587822284866,-4.890832139692879
5.070788,3.837565172,7.400143379,-0.09012224,3.5077241645590727,4.42627,7.40708,-0.0106,0.5887456931659091,-4.556288729426415
5.0899909999999995,3.823768732,7.391959797,-0.085987661,3.5077241645590727,4.42627,7.40708,-0.0106,0.6026909643261368,-4.319394802662996
5.11045,3.806636733,7.381894109,-0.080202846,3.5077241645590727,4.42627,7.40708,-0.0106,0.6201449142567862,-3.9879493178990235
5.129071999999999,3.79503085,7.374776212,-0.076235002,3.5077241645590727,4.42627,7.40708,-0.0106,0.6320651858881893,-3.760608602932717
5.150947,3.785498045,7.36832192,-0.072824843,3.5077241645590727,4.42627,7.40708,-0.0106,0.6419430559479616,-3.565220884764164
5.169421,3.779267487,7.363789143,-0.070916766,3.5077241645590727,4.42627,7.40708,-0.0106,0.6484491885476529,-3.455896125678181
5.1887810000000005,3.773080018,7.359064433,-0.070213497,3.5077241645590727,4.42627,7.40708,-0.0106,0.6549524007586288,-3.4156017801157943
5.21856,3.766591677,7.353879549,-0.070212339,3.5077241645590727,4.42627,7.40708,-0.0106,0.6618200494263492,-3.4155354316031183
5.228641999999999,3.765590904,7.353054396,-0.070210017,3.5077241645590727,4.42627,7.40708,-0.0106,0.662884329109492,-3.4154023908030897
5.256705999999999,3.763939229,7.351672739,-0.070214429,3.5077241645590727,4.42627,7.40708,-0.0106,0.6646442768767186,-3.4156551797823007
5.2678519999999995,3.764084314,7.351797004,-0.070214712,3.5077241645590727,4.42627,7.40708,-0.0106,0.6644893470854337,-3.415671394487903
5.292317000000001,3.765849175,7.353326816,-0.070217851,3.5077241645590727,4.42627,7.40708,-0.0106,0.6626047621952456,-3.4158512459397943
5.310578,3.768775305,7.3558898,-0.070220834,3.5077241645590727,4.42627,7.40708,-0.0106,0.6594844278140178,-3.416022159250082
5.331797999999999,3.772982526,7.359601837,-0.070222883,3.5077241645590727,4.42627,7.40708,-0.0106,0.6550104576624369,-3.416139558302304
5.351369,3.778436645,7.364438332,-0.070220352,3.5077241645590727,4.42627,7.40708,-0.0106,0.649235217544749,-3.415994542684357
5.370514999999999,3.785108801,7.3703702,-0.070221642,3.5077241645590727,4.42627,7.40708,-0.0106,0.6422112522520589,-3.4160684542399293
5.391619,3.792977861,7.377361182,-0.070220612,3.5077241645590727,4.42627,7.40708,-0.0106,0.6339890704598244,-3.41600943958703
5.408343,3.800127563,7.383685558,-0.070223069,3.5077241645590727,4.42627,7.40708,-0.0106,0.6265793256474312,-3.416150215317294
5.432314999999999,3.812276299,7.394322383,-0.070221258,3.5077241645590727,4.42627,7.40708,-0.0106,0.6141262261613613,-3.4160464526605954
5.449235,3.821323531,7.402139522,-0.070225143,3.5077241645590727,4.42627,7.40708,-0.0106,0.6049666426162984,-3.4162690467640044
5.472168999999999,3.836323501,7.414873375,-0.070227668,3.5077241645590727,4.42627,7.40708,-0.0106,0.5899979731967284,-3.4164137186072745
5.488011,3.847278976,7.423989115,-0.070231153,3.5077241645590727,4.42627,7.40708,-0.0106,0.5792378820852891,-3.4166133943988783
5.511051,3.865206829,7.438453178,-0.070224324,3.5077241645590727,4.42627,7.40708,-0.0106,0.5619396392410796,-3.416222121520583
5.529617,3.878239595,7.44846921,-0.070224413,3.5077241645590727,4.42627,7.40708,-0.0106,0.5495911130184764,-3.4162272208449598
5.54851,3.895902451,7.461130389,-0.070221321,3.5077241645590727,4.42627,7.40708,-0.0106,0.5331146045488891,-3.416050062294705
5.571854999999999,3.919287138,7.476126332,-0.070219301,3.5077241645590727,4.42627,7.40708,-0.0106,0.5116629929205013,-3.415934324820088
5.590567999999999,3.940683732,7.488137635,-0.070216132,3.5077241645590727,4.42627,7.40708,-0.0106,0.4923051531946022,-3.4157527544948114
5.607899999999999,3.959088187,7.497210659,-0.070218519,3.5077241645590727,4.42627,7.40708,-0.0106,0.4757965763745481,-3.4158895195205092
5.629118,3.983718756,7.507610215,-0.070217822,3.5077241645590727,4.42627,7.40708,-0.0106,0.45382587816682896,-3.415849584362189
5.650459999999999,4.015640825,7.518236853,-0.070213576,3.5077241645590727,4.42627,7.40708,-0.0106,0.4254082337356013,-3.4156063064823763
5.670857999999999,4.044124905,7.525178575,-0.070214102,3.5077241645590727,4.42627,7.40708,-0.0106,0.3999776831894365,-3.4156364440624003
5.690714,4.074173296,7.530125074,-0.070215223,3.5077241645590727,4.42627,7.40708,-0.0106,0.3729774513336284,-3.4157006726312336
5.710592999999999,4.105622251,7.53281619,-0.07021774,3.5077241645590727,4.42627,7.40708,-0.0106,0.34441917544539125,-3.415844886108269
5.731287999999999,4.138273048,7.533052162,-0.070217751,3.5077241645590727,4.42627,7.40708,-0.0106,0.31434253603393264,-3.415845516361843
5.751531999999999,4.171906033,7.530701839,-0.070217319,3.5077241645590727,4.42627,7.40708,-0.0106,0.28281334265857916,-3.4158207645850944
5.770626999999999,4.206299787,7.525714087,-0.070217935,3.5077241645590727,4.42627,7.40708,-0.0106,0.24992187020264736,-3.415856058785274
5.788354999999999,4.234232646,7.519884067,-0.070218946,3.5077241645590727,4.42627,7.40708,-0.0106,0.2227175405374749,-3.4159139848183613
5.810276999999999,4.276730174,7.508568979,-0.070214901,3.5077241645590727,4.42627,7.40708,-0.0106,0.1807267894324819,-3.4156822233902306
5.831243000000001,4.312763923,7.497522543,-0.070217627,3.5077241645590727,4.42627,7.40708,-0.0106,0.14513263967914536,-3.4158384116851837
5.849817,4.342167294,7.488348308,-0.070221266,3.5077241645590727,4.42627,7.40708,-0.0106,0.11695213996205994,-3.416046911026832
5.87045,4.379815033,7.477110091,-0.070217069,3.515721489667867,4.446256851851851,7.406571759259259,-0.0106,0.09690289746498368,-3.415806440640215
5.889448,4.418551038,7.466560687,-0.070214527,3.523718814776661,4.466243703703704,7.406063518518518,-0.0106,0.07703569144365492,-3.415660794768693
5.9078409999999995,4.45842547,7.45707187,-0.070214393,3.531716139885455,4.486230555555555,7.405555277777777,-0.0106,0.05854128506398312,-3.415653117134238
5.92909,4.499402031,7.448744828,-0.070212549,3.539713464994249,4.506217407407407,7.405047037037037,-0.0106,0.04422608156526432,-3.415547463716816
5.951604999999999,4.549902263,7.440078969,-0.070211949,3.555708115211838,4.546191111111111,7.404030555555555,-0.0106,0.03623893983278272,-3.4155130862491077
5.969564,4.584312952,7.434985134,-0.070210483,3.571702765429426,4.586164814814815,7.403014074074074,-0.0106,0.032024647830570165,-3.4154290906363425
5.988899,4.63696217,7.428157628,-0.070204879,3.595694740755809,4.64612537037037,7.401489351851851,-0.0106,0.02819860269129426,-3.415108005087951
6.008416,4.672716889,7.42407852,-0.070202086,3.6036920658646032,4.666112222222222,7.400981111111111,-0.0106,0.024023153844281355,-3.4149479779757703
6.032047,4.727281267,7.418539597,-0.070200906,3.627684041190986,4.726072777777778,7.399456388888889,-0.0106,0.01912143504060801,-3.414880368955945
6.049925999999999,4.764256191,7.415189817,-0.070197372,3.6436786914085744,4.766046481481482,7.398439907407407,-0.0106,0.0168453142258649,-3.4146778856711455
6.070638000000001,4.820580822,7.41059974,-0.070195217,3.6676706667349572,4.826007037037037,7.396915185185185,-0.0106,0.014721102204245544,-3.414554413266296
6.091006,4.86828163,7.407120131,-0.070192584,3.6836653169525455,4.86598074074074,7.395898703703703,-0.0106,0.011454890743671713,-3.4144035534788375
6.110272999999999,4.916653249,7.403913024,-0.07018976,3.7076572922789284,4.925941296296296,7.394373981481481,-0.0106,0.013313945874471109,-3.414241750197493
6.130241,4.955819971,7.401521436,-0.07018958,3.7156546173877225,4.945928148148148,7.393865740740741,-0.0106,0.012508310406888469,-3.4142314369571807
6.151023,5.01532975,7.398188578,-0.070195345,3.739646592714105,5.005888703703704,7.392341018518518,-0.0106,0.01110528284458702,-3.414561747126074
6.171678999999999,5.065598064,7.395616284,-0.070195945,3.763638568040488,5.065849259259259,7.390816296296296,-0.0106,0.004806556045026792,-3.414596124593781
6.191136,5.11646384,7.393209102,-0.070194858,3.7876305433668707,5.125809814814815,7.389291574074074,-0.0106,0.010133818149620347,-3.4145338440814506
6.21115,5.167911067,7.390947783,-0.070190238,3.803625193584459,5.165783518518518,7.388275092592592,-0.0106,0.003416099611384898,-3.4142691375801
6.230065999999999,5.219924378,7.38881454,-0.070194689,3.827617168910842,5.225744074074074,7.38675037037037,-0.0106,0.006174921752903176,-3.4145241610947124
6.250423,5.261932663,7.387189318,-0.070193779,3.84361181912843,5.265717777777778,7.385733888888889,-0.0106,0.004055288864979128,-3.4144720219353557
6.27167,5.325590685,7.384869153,-0.070196252,3.867603794454813,5.325678333333333,7.3842091666666665,-0.0106,0.000665780887772847,-3.4146137143980915
6.289026,5.368449458,7.383390757,-0.070192092,3.8835984446724012,5.365652037037037,7.383192685185185,-0.0106,0.002804424448589338,-3.414375363955317
6.311707,5.433350693,7.381260806,-0.070194053,3.907590419998784,5.425612592592593,7.381667962962963,-0.0106,0.00774880472767313,-3.414487720978943
6.330010999999999,5.487982919,7.379556537,-0.070192299,3.9315823953251665,5.4855731481481484,7.380143240740741,-0.0106,0.002480164679579452,-3.4143872241816764
6.347944999999999,5.532038265,7.378232116,-0.070191091,3.9475770455427552,5.525546851851852,7.379126759259259,-0.0106,0.006552772788773334,-3.4143180108800246
6.371767,5.598689271,7.376298551,-0.070193236,3.979566345977932,5.60549425925926,7.377093796296296,-0.0106,0.006851297708459907,-3.4144409103270803
6.3898790000000005,5.643493136,7.37504002,-0.070196579,3.9955609961955205,5.645467962962963,7.376077314814815,-0.0106,0.0022306774904691045,-3.414632450117992
6.410703,5.7112552,7.373187638,-0.070199097,4.019552971521903,5.705428518518518,7.374552592592592,-0.0106,0.0059844229568506895,-3.414776720890806
6.429909,5.768347899,7.371667638,-0.070195385,4.043544946848286,5.765389074074074,7.37302787037037,-0.0106,0.003256513019118011,-3.414564038957253
6.451566,5.825992761,7.370163414,-0.07019547,4.067536922174669,5.825349629629629,7.3715031481481486,-0.0106,0.0014861041508822611,-3.414568909098512
6.4717020000000005,5.88413682,7.368671208,-0.070195796,4.0915288975010515,5.885310185185185,7.369978425925926,-0.0106,0.0017565889000178544,-3.4145875875226332
6.490966,5.942767552,7.367188849,-0.070043262,4.1155208728274335,5.945270740740741,7.368453703703704,-0.0106,0.002804605372107024,-3.405848033090385
6.510769,6.001956687,7.365754639,-0.068575367,4.139512848153816,6.005231296296296,7.366928981481482,-0.0106,0.0034788139224743776,-3.321743844822029
6.530122,6.06162724,7.364434898,-0.06629666,4.163504823480199,6.065191851851852,7.365404259259259,-0.0106,0.003694065362891529,-3.1911835509751114
6.550376,6.109656875,7.3634815,-0.064200402,4.1794994736977875,6.105165555555556,7.364387777777778,-0.0106,0.004581843489528599,-3.071076814804577
6.571736,6.182109413,7.362210077,-0.060957439,4.211488774132965,6.185112962962963,7.362354814814815,-0.0106,0.0030070353198875365,-2.8852687217874933
6.590249,6.242798784,7.361265422,-0.058226724,4.235480749459347,6.245073518518518,7.360830092592593,-0.0106,0.0023160157215990373,-2.7288102772344263
6.610371000000001,6.303720935,7.360362975,-0.055624807,4.25947272478573,6.305034074074074,7.359305370370371,-0.0106,0.0016860788179894118,-2.579731414491086
6.630127,6.364835611,7.359422749,-0.053230178,4.283464700112113,6.36499462962963,7.3577806481481485,-0.0106,0.0016497824499676404,-2.4425292792914526
6.651813000000001,6.426108654,7.358366125,-0.051033552,4.3074566754384955,6.424955185185185,7.356255925925926,-0.0106,0.002404876387461977,-2.3166718803227493
6.668324999999999,6.475220357,7.357207813,-0.049533688,4.331448650764878,6.484915740740741,7.354731203703704,-0.0106,0.01000670072934682,-2.230736003279139
6.689499,6.536635555,7.354310991,-0.050057778,4.35544062609126,6.544876296296296,7.3532064814814815,-0.0106,0.008314430731504062,-2.2607641483641503
6.712070000000001,6.609952407,7.347507322,-0.05360338,4.379331350232674,6.601785555555556,7.342047916666667,-0.030821805555555554,0.009823572115541454,-1.30528806632976
6.730694999999999,6.670327213,7.338354252,-0.06070907,4.403019572004146,6.652592222222222,7.3116216666666665,-0.09148722222222222,0.03208053952931343,1.7634582235445295
6.748061999999999,6.717888066,7.328472485,-0.070098476,4.418811719851794,6.686463333333334,7.2913375,-0.13193083333333333,0.04864690056027882,3.542733112544785
6.772017999999999,6.787555571,7.30909957,-0.090562374,4.45039601554709,6.754205555555556,7.250769166666667,-0.21281805555555555,0.06719121581854248,7.004734574628717
6.790723,6.843685195,7.288609104,-0.113863383,4.4740842373185625,6.8050122222222225,7.220342916666667,-0.2734834722222222,0.07845935990371361,9.14555743793497
6.810917999999999,6.897730085,7.264173857,-0.143511039,4.497772459090035,6.855818888888889,7.189916666666667,-0.3341488888888889,0.08526827473137306,10.922744214081865
6.8304100000000005,6.949493966,7.235818685,-0.179715509,4.521460680861507,6.906625555555556,7.159490416666666,-0.3948143055555556,0.08754259055339113,12.324253220976463
6.850232999999999,6.98919589,7.21026888,-0.21242366,4.537252828709155,6.940496666666667,7.13920625,-0.4352579166666667,0.0861481963582917,12.767462437934931
6.869197999999999,7.036642219,7.174824794,-0.256848766,4.560941050480627,6.991303333333334,7.10878,-0.4959233333333333,0.08010948363332174,13.69796369711622
6.890015,7.081648153,7.135742164,-0.302804611,4.5846292722521,7.04211,7.07835375,-0.5565887500000001,0.06968999644200581,14.540760072061442
6.910480999999999,7.133274939,7.085356344,-0.359906317,4.616213567947396,7.109852222222223,7.037785416666667,-0.6374759722222223,0.05302468093826877,15.903569765134732
6.930075,7.166887982,7.050429589,-0.396924744,4.632005715795044,7.143723333333334,7.01750125,-0.6779195833333334,0.040260109999217045,16.099818358756664
6.949965000000001,7.208860332,7.006093048,-0.442857803,4.655693937566516,7.19453,6.987075,-0.738585,0.02381269755740719,16.943920275333863
6.971423999999999,7.260013686,6.952923508,-0.495826752,4.687278233261813,7.262272222222222,6.946506666666666,-0.8194722222222223,0.006802708178679085,18.5435195022603
6.989879,7.295049486,6.918018173,-0.530307515,4.703070381109461,7.296143333333333,6.9262225,-0.8599158333333334,0.008276924761743529,18.885165532904523
7.010007,7.340270424,6.875473871,-0.571814091,4.726758602880933,7.3469500000000005,6.89579625,-0.92058125,0.021391956987602705,19.982886243468126
7.030035999999999,7.387270798,6.834455039,-0.611802129,4.750446824652405,7.397756666666667,6.8653699999999995,-0.9812466666666667,0.03264488099727251,21.167612772461975
7.051902,7.446009329,6.787582107,-0.657854164,4.7820311203477015,7.465498888888889,6.824801666666667,-1.0621338888888887,0.04201355217597202,23.163521978843356
7.070475,7.496867276,6.750655861,-0.694173514,4.805719342119174,7.516305555555556,6.794375416666666,-1.1227993055555554,0.04784606838362648,24.558448846587485
7.091143000000001,7.54948831,6.716027044,-0.728775219,4.829407563890646,7.567112222222223,6.7639491666666665,-1.183464722222222,0.05106008345954471,26.051789523533373
7.110557,7.603854004,6.683860064,-0.762003675,4.860991859585942,7.634854444444445,6.723380833333333,-1.2643519444444444,0.05022866230000568,28.782435684867366
7.130341,7.659939451,6.654292125,-0.793941025,4.8846800813574145,7.685661111111111,6.692954583333333,-1.3250173611111111,0.04643694093335917,30.428432658437824
7.150739,7.717450261,6.627078226,-0.824456501,4.908368303128887,7.736467777777778,6.662528333333333,-1.3856827777777776,0.04022904490959168,32.155897011207664
7.171362,7.775563829,6.60073849,-0.85418436,4.947849552326573,7.803248979591837,6.6022410204081625,-1.4689079591836733,0.02772589332952376,35.221067800316135
7.188373,7.822002153,6.579354942,-0.87868506,4.955746505828963,7.802287959183674,6.582522040816326,-1.471245918367347,0.019966971546532666,33.95123628909831
7.211912999999999,7.89054761,6.545614397,-0.915258121,5.011025180345694,7.795560816326531,6.444489183673469,-1.487611632653061,0.13874004376063312,32.79344060721218
7.2306799999999996,7.946073227,6.515587582,-0.945876744,5.0189221338480845,7.7945997959183675,6.424770204081632,-1.4899495918367347,0.17661256029968495,31.17307792870835
7.249815,7.989051753,6.490209657,-0.969110248,5.026819087350474,7.793638775510204,6.405051224489796,-1.492287551020408,0.21316235689967053,29.975851400106357
7.2714739999999995,8.050522383,6.449885693,-1.00320476,5.034716040852865,7.792677755102041,6.385332244897959,-1.4946255102040815,0.2658025579216653,28.156334951846564
7.290169000000001,8.089253628,6.42152758,-1.02463944,5.042612994355254,7.791716734693877,6.365613265306123,-1.496963469387755,0.3027451295495022,27.06217344653142
7.311114999999999,8.143681144,6.377084783,-1.056364342,5.050509947857645,7.790755714285714,6.3458942857142855,-1.4993014285714286,0.35430101052628094,25.37842565036363
7.329794,8.177374508,6.346359427,-1.076388457,5.058406901360035,7.7897946938775515,6.326175306122448,-1.501639387755102,0.3881050257994492,24.365083566277367
7.350092,8.216220392,6.306931476,-1.100957423,5.066303854862425,7.788833673469388,6.306456326530612,-1.5039773469387754,0.427386982655512,23.09134070137528
7.371798,8.257775587,6.258404533,-1.129369965,5.074200808364815,7.787872653061225,6.286737346938775,-1.506315306122449,0.47075632302705994,21.597377153435442
7.39133,8.288121248,6.217380544,-1.151483457,5.082097761867205,7.786911632653061,6.267018367346939,-1.5086532653061224,0.5036615848194574,20.46432258543747
7.409983,8.314365223,6.176161488,-1.172741776,5.0899947153695955,7.785950612244898,6.247299387755102,-1.5109912244897958,0.5331815841165485,19.380265821093037
7.431849999999999,8.336431617,6.135071259,-1.192889355,5.097891668871986,7.784989591836735,6.2275804081632655,-1.5133291836734692,0.5591477888671968,18.359849770884974
7.449821999999999,8.351033345,6.102506493,-1.208175003,5.105788622374376,7.784028571428571,6.207861428571428,-1.5156671428571429,0.5767096979434682,17.618001847260732
7.471698999999999,8.367497629,6.054615917,-1.230411592,5.113685575876766,7.783067551020408,6.188142448979591,-1.5180051020408163,0.5994896586178362,16.47789434069204
7.490606,8.376188563,6.015927134,-1.248229015,5.121582529379156,7.7821065306122446,6.168423469387755,-1.5203430612244897,0.613342150445133,15.590986394891061
7.51111,8.380421129,5.978770735,-1.264916925,5.129479482881546,7.781145510204081,6.148704489795918,-1.522681020408163,0.6229034823327533,14.768794776895225
7.529192999999999,8.380670374,5.950412221,-1.277560309,5.137376436383937,7.780184489795919,6.128985510204082,-1.5250189795918367,0.6264756314059798,14.178337428830345
7.551914,8.375783146,5.910738431,-1.295787257,5.145273389886326,7.779223469387755,6.109266530612245,-1.5273569387755102,0.6287263745822621,13.26796542892427
7.5706620000000004,8.367118369,5.880748118,-1.309833044,5.153170343388717,7.778262448979592,6.0895475510204085,-1.5296948979591836,0.6247787590601376,12.597156307782894
7.588136,8.357483783,5.858994643,-1.320651204,5.161067296891106,7.777301428571429,6.069828571428571,-1.532032857142857,0.6173026079378764,12.111276591583977
7.610599000000001,8.339071695,5.830353919,-1.33589715,5.168964250393497,7.776340408163265,6.050109591836735,-1.5343708163265306,0.6041184130026603,11.371703424997964
7.6317319999999995,8.320609669,5.810294627,-1.348109291,5.176861203895887,7.775379387755102,6.030390612244898,-1.536708775510204,0.5879781478144511,10.805954480777629
7.650544999999999,8.299809572,5.793597615,-1.359269887,5.184758157398277,7.7744183673469385,6.010671632653061,-1.5390467346938774,0.5684690379139707,10.300454627025387
7.671113,8.277012096,5.780109951,-1.369670131,5.192655110900668,7.773457346938775,5.990952653061225,-1.5413846938775508,0.5459139403922486,9.838519733817469
7.688815999999999,8.257475998,5.771456833,-1.377648801,5.200552064403057,7.772496326530612,5.971233673469388,-1.5437226530612245,0.5245150786454925,9.515330810588162
7.70932,8.231409589,5.763088655,-1.387314344,5.208449017905448,7.771535306122448,5.951514693877551,-1.5460606122448979,0.4969796053956611,9.095491183884294
7.727850999999999,8.203611997,5.757396502,-1.396330984,5.216345971407838,7.770574285714286,5.931795714285714,-1.5483985714285713,0.4668369572360855,8.712830960393791
7.75192,8.168168434,5.753626028,-1.406674585,5.224242924910228,7.7696132653061225,5.912076734693877,-1.550736530612245,0.4288972475365099,8.254141472024841
7.769959,8.137196783,5.752846963,-1.414587248,5.232139878412618,7.768652244897959,5.892357755102041,-1.5530744897959183,0.3940664127755445,7.934734471313861
7.790309000000001,8.105119772,5.753872411,-1.421984729,5.240036831915008,7.767691224489796,5.872638775510204,-1.5554124489795917,0.35771982614025877,7.644845224883975
7.809733,8.078738005,5.755720641,-1.427470444,5.247933785417398,7.766730204081632,5.852919795918368,-1.5577504081632652,0.3267974044431206,7.4644921016707135
7.831272,8.038013683,5.759577886,-1.434918809,5.255830738919789,7.765769183673469,5.8332008163265305,-1.5600883673469388,0.2820237636856497,7.171687416796098
7.849183,8.010097525,5.76251341,-1.439545342,5.2637276924221785,7.764808163265306,5.813481836734693,-1.5624263265306122,0.25052874386789215,7.040561796016439
7.8710070000000005,7.967022589,5.766554945,-1.445963354,5.271624645924569,7.763847142857142,5.793762857142857,-1.5647642857142856,0.20498910312141638,6.806791989450452
7.888819,7.937493505,5.768582511,-1.449905283,5.279521599426959,7.762886122448979,5.774043877551021,-1.567102244897959,0.1746927719338245,6.714891288508563
7.911377999999999,7.892008543,5.769894156,-1.455401649,5.287418552929349,7.7619251020408155,5.754324897959184,-1.5694402040816327,0.1310118445321766,6.5339279079477235
7.930799,7.853083055,5.769420876,-1.459629406,5.29531550643174,7.760964081632653,5.734605918367347,-1.571778163265306,0.098478355638269,6.425650468939171
7.949522,7.821309989,5.768812971,-1.462628915,5.303212459934129,7.76000306122449,5.714886938775511,-1.5741161224489795,0.08164898250895943,6.387746456525995
7.971484,7.772644417,5.768725725,-1.465257616,5.31110941343652,7.759042040816326,5.6951679591836735,-1.5764540816326529,0.07480487651037046,6.3710881775225205
7.987866,7.739594907,5.769634241,-1.465099877,5.358627701092344,7.712032692307692,5.720978461538461,-1.5207249999999999,0.055920126553458356,3.187084782796071
8.012106,7.689306814,5.773002925,-1.461347062,5.3824209865806285,7.6782172115384615,5.769914807692308,-1.47542125,0.011511548603946892,0.8063915724736652
8.029994,7.655449271,5.776745473,-1.455508321,5.390352081743389,7.666945384615384,5.786226923076923,-1.4603199999999998,0.01490162822711015,0.27568889907172284
8.050532,7.60454112,5.784835425,-1.440360828,5.414145367231673,7.633129903846154,5.83516326923077,-1.4150162499999999,0.05788100264092465,-1.4521373529401236
8.070884,7.562295882,5.793840474,-1.421085187,5.437938652719956,7.5993144230769225,5.884099615384615,-1.3697124999999999,0.09755554821204095,-2.9434381473466016
8.089681,7.528760707,5.80243411,-1.401113243,5.46173193820824,7.565498942307692,5.933035961538462,-1.32440875,0.1356707100254056,-4.394843718590769
8.107984,7.487288999,5.814915389,-1.370150005,5.477594128533762,7.542955288461538,5.965660192307692,-1.29420625,0.1606945285524387,-4.35125664187554
8.130021,7.446302814,5.829466748,-1.334313342,5.493456318859285,7.520411634615384,5.998284423076923,-1.2640037499999999,0.1843679058604853,-4.028442880886782
8.14832,7.405813311,5.846235584,-1.293555521,5.509318509184807,7.4978679807692306,6.030908653846154,-1.23380125,0.20634486897600451,-3.423667536180974
8.172184,7.357838794,5.869507072,-1.240767083,5.525180699510329,7.475324326923077,6.063532884615385,-1.2035987499999998,0.22682342561402177,-2.1295886124368275
8.191227,7.318618761,5.891713895,-1.195971657,5.541042889835852,7.452780673076923,6.0961571153846155,-1.17339625,0.24453312457286566,-1.2934755418901043
8.210246999999999,7.280339238,5.916664926,-1.15168421,5.556905080161374,7.430237019230769,6.128781346153846,-1.14319375,0.25973586682780336,-0.4864675241246437
8.230944,7.243251435,5.944410643,-1.107780318,5.564836175324135,7.4189651923076925,6.145093461538462,-1.1280925,0.26673754547068845,1.1638023013015906
8.250766,7.207600894,5.974968138,-1.064681092,5.580698365649658,7.396421538461539,6.177717692307692,-1.09789,0.27705706550607706,1.9027302706382345
8.271647,7.173690623,6.008349815,-1.023300014,5.5886294608124185,7.385149711538461,6.194029807692308,-1.08278875,0.2814107421754411,3.408453501367965
8.291484,7.141807553,6.044488096,-0.983112889,5.604491651137941,7.362606057692307,6.226654038461539,-1.05258625,0.28624536724156713,3.980530373888773
8.309218,7.117902265,6.07530709,-0.95146856,5.612422746300703,7.351334230769231,6.2429661538461545,-1.037485,0.28740223439050794,4.928378980740273
8.330385,7.090194003,6.11610823,-0.913548084,5.628284936626224,7.328790576923077,6.275590384615385,-1.0072825,0.2869893425348685,5.370586431923543
8.349855999999999,7.060406263,6.1682083,-0.869781468,5.644147126951747,7.306246923076923,6.308214615384616,-0.97708,0.282912351258537,6.147753031549405
8.368926,7.042633982,6.204738826,-0.84202497,5.6520782221145085,7.294975096153846,6.3245267307692306,-0.96197875,0.2793298767074631,6.872845330640785
8.392221,7.019268354,6.261929221,-0.802042951,5.66794041244003,7.272431442307692,6.357150961538462,-0.93177625,0.27047870369524896,7.433170495008781
8.410161,7.005969705,6.301499724,-0.777230851,5.683802602765553,7.249887788461538,6.389775192307693,-0.90157375,0.25940044283788766,7.124323325121461
8.429981999999999,6.991516431,6.352261129,-0.746874129,5.707595888253836,7.216072307692308,6.438711538461539,-0.8562699999999999,0.2406221416518409,6.267921704457585
8.450738,6.976006303,6.414491304,-0.712582534,5.73138917374212,7.182256826923076,6.487647884615384,-0.81096625,0.21884049877908496,5.6369716996137065
8.476681,6.961653673,6.477810739,-0.679287907,5.763113554393165,7.137169519230769,6.5528963461538465,-0.75056125,0.190902228063909,4.083661745688289
8.504332,6.942712249,6.563499946,-0.637660773,5.794837935044209,7.092082211538462,6.618144807692308,-0.6901562499999999,0.15905171051614878,3.0077692756260794
8.52656,6.929491984,6.617433446,-0.612668819,5.8186312205324935,7.058266730769231,6.667081153846154,-0.6448524999999999,0.1380138772002892,1.8439890904953715
8.546481,6.917795477,6.660672326,-0.593741039,5.842424506020777,7.02445125,6.7160175,-0.59954875,0.1201604851825999,0.33275732893170246
8.567825,6.898141499,6.725529717,-0.56596133,5.86621779150906,6.990635769230769,6.764953846153846,-0.5542449999999999,0.10054577059758214,-0.6712962603825212
8.584785,6.883605526,6.768707879,-0.54861992,5.890011076997344,6.956820288461539,6.813890192307692,-0.5089412499999999,0.08603396351519536,-2.2734203276923624
8.608939,6.859657123,6.833297171,-0.523122762,5.9217354576483885,6.911732980769231,6.879138653846154,-0.44853624999999986,0.06937821352510783,-4.2734923462018735
8.626386,6.837768669,6.88689663,-0.502567095,5.937597647973911,6.889189326923077,6.911762884615385,-0.41833374999999995,0.05711755141669919,-4.826215162769396
8.644767,6.819027531,6.929602446,-0.486409167,5.961390933462194,6.855373846153846,6.960699230769231,-0.37303,0.047833718737378336,-6.496147753808939
8.666609,6.788978235,6.99333882,-0.462910134,5.985184218950478,6.8215583653846155,7.009635576923078,-0.3277262499999998,0.03642868625257322,-7.7454660113861085
8.686456999999999,6.767725997,7.03560389,-0.447775117,6.008977504438762,6.787742884615385,7.058571923076923,-0.2824225,0.030466478845274803,-9.474007085543146
8.707631,6.734161997,7.098675353,-0.425738049,6.032770789927045,6.753927403846154,7.107508269230769,-0.23711875000000004,0.02164928906301011,-10.807089767416146
8.727408,6.704780846,7.150952793,-0.407855283,6.056564075415329,6.7201119230769235,7.156444615384616,-0.19181500000000007,0.016285024944492035,-12.378196420711905
8.7478,6.674274196,7.203019287,-0.39095821,6.080357360903612,6.686296442307692,7.205380961538461,-0.14651124999999987,0.012252016687404575,-14.00577912280326
8.764885,6.649047733,7.244489939,-0.377774905,6.104150646391895,6.652480961538462,7.2543173076923075,-0.1012074999999999,0.01040981429286106,-15.846145057385352
8.788146,6.609187186,7.305930616,-0.358399915,6.127943931880179,6.618665480769231,7.303253653846154,-0.05590374999999992,0.009849070926009028,-17.331753573392973
8.807943999999999,6.573660916,7.356087462,-0.342993498,6.159734542477257,6.564863148148149,7.352698240740741,-0.0106,0.009428018875631852,-19.044744572990172
8.827715,6.535640111,7.405022717,-0.327955073,6.18372651780364,6.504902592592593,7.354222962962963,-0.0106,0.05937516356246209,-18.183106289966144
8.844649,6.503415089,7.442937612,-0.316159583,6.215715818238817,6.424955185185185,7.356255925925926,-0.0106,0.11691736914280186,-17.50727449567738
8.867287,6.452193223,7.497120723,-0.299473553,6.247705118673993,6.345007777777778,7.358288888888889,-0.0106,0.17539383635162648,-16.5512353998487
8.887404,6.407026089,7.539410075,-0.285895623,6.279694419109171,6.265060370370371,7.360321851851852,-0.0106,0.22853196042651894,-15.773277316324634
8.905184,6.369433302,7.571138763,-0.275503284,6.3036863944355535,6.205099814814815,7.361846574074074,-0.0106,0.26609907056554855,-15.177840152355433
8.924475,6.320799092,7.607876993,-0.263121705,6.319681044653142,6.165126111111111,7.362863055555556,-0.0106,0.29028590479191735,-14.468427931947613
8.945164,6.27053008,7.641115966,-0.251046242,6.343673019979525,6.105165555555556,7.364387777777778,-0.0106,0.32237232527233306,-13.776554866381234
8.964599999999999,6.218875936,7.670684813,-0.239598677,6.359667670197113,6.065191851851852,7.365404259259259,-0.0106,0.3417821151153298,-13.120657706179557
8.987748999999999,6.155421814,7.701120431,-0.226668996,6.367664995305907,6.045205,7.3659125,-0.0106,0.3528627255656383,-12.379841554429069
9.004998,6.117521997,7.716379174,-0.219558003,6.375662320414701,6.025218148148149,7.3664207407407405,-0.0106,0.36192665765613485,-11.972411667381994
9.027913,6.080471236,7.728398629,-0.213287885,6.383659645523496,6.005231296296296,7.366928981481482,-0.0106,0.3692172187260217,-11.613160368932986
9.045738,6.053768627,7.735149933,-0.209010829,6.391656970632289,5.985244444444445,7.367437222222223,-0.0106,0.3740430473387365,-11.368103111391878
9.067585,6.011278537,7.742774343,-0.202371522,6.399654295741084,5.965257592592593,7.367945462962963,-0.0106,0.3776435046892361,-10.987698841400217
9.086173,5.974120729,7.746421019,-0.196465746,6.407651620849878,5.945270740740741,7.368453703703704,-0.0106,0.37906676622311375,-10.649322801850564
9.10709,5.93573617,7.747416709,-0.190353084,6.4156489459586705,5.925283888888889,7.368961944444444,-0.0106,0.3785990742133784,-10.299093067660566
9.124386,5.904332063,7.746207923,-0.185460201,6.423646271067464,5.9052970370370375,7.369470185185185,-0.0106,0.3767389736524698,-10.018751522109255
9.144733,5.864425206,7.74204325,-0.179280999,6.431643596176258,5.885310185185185,7.369978425925926,-0.0106,0.37265052753060357,-9.664709326750462
9.168696,5.815923846,7.733001946,-0.171839793,6.439640921285052,5.8653233333333334,7.370486666666666,-0.0106,0.3658655997752741,-9.238359628463035
9.186665,5.77528557,7.722073552,-0.165750129,6.447638246393845,5.845336481481482,7.3709949074074075,-0.0106,0.3579990850384376,-8.889447582610279
9.207317999999999,5.734668951,7.708164574,-0.159877647,6.455635571502638,5.825349629629629,7.3715031481481486,-0.0106,0.3486601513412913,-8.552979148743736
9.225131,5.702301279,7.695002822,-0.155440069,6.463632896611432,5.805362777777778,7.372011388888889,-0.0106,0.3390356004809693,-8.29872465808363
9.244785,5.662114311,7.67613728,-0.149836737,6.4716302217202255,5.785375925925926,7.37251962962963,-0.0106,0.3276844569560351,-7.977677383273031
9.268032999999999,5.614289116,7.650426358,-0.14357596,6.479627546829019,5.765389074074074,7.37302787037037,-0.0106,0.315881494027733,-7.618961284700454
9.285988,5.582447202,7.631986651,-0.139602401,6.503619522155399,5.705428518518518,7.374552592592592,-0.0106,0.2853010666659636,-7.39129312435423
9.306745,5.534109877,7.603630427,-0.133996591,6.5276114974817805,5.645467962962963,7.376077314814815,-0.0106,0.2533397761396699,-7.070103870601999
9.325816,5.501280654,7.584678408,-0.130305166,6.551603472808161,5.585507407407407,7.377602037037037,-0.0106,0.22355037329591487,-6.858600797712919
9.347123,5.45075924,7.556892483,-0.125093833,6.575595448134541,5.525546851851852,7.379126759259259,-0.0106,0.19285704400817896,-6.5600134111756665
9.367479,5.407295417,7.534773906,-0.121001492,6.599587423460922,5.465586296296296,7.380651481481482,-0.0106,0.16477726890746086,-6.325539543547323
9.385227,5.371581213,7.517949658,-0.117790926,6.623579398787302,5.40562574074074,7.382176203703704,-0.0106,0.13997664362542223,-6.141587661899124
9.40508,5.325778876,7.498108039,-0.113850291,6.647571374113683,5.345665185185185,7.383700925925925,-0.0106,0.11612257668064732,-5.915805907797588
9.427824,5.26920241,7.476077256,-0.10920747,6.6715633494400635,5.285704629629629,7.385225648148148,-0.0106,0.09233817142423416,-5.64979185946288
9.447426,5.220905982,7.458909513,-0.105447649,6.695555324766444,5.225744074074074,7.38675037037037,-0.0106,0.07232115181577586,-5.434369984438223
9.466899,5.171740448,7.442608294,-0.10181594,6.719547300092825,5.165783518518518,7.388275092592592,-0.0106,0.05465877591041806,-5.226288386318546
9.488215,5.12212414,7.427329552,-0.098092784,6.735541950310411,5.125809814814815,7.389291574074074,-0.0106,0.038216121775159255,-5.012967261049737
9.506067,5.08252515,7.416021827,-0.095089001,6.751536600527999,5.085836111111111,7.390308055555556,-0.0106,0.025926058423454756,-4.840863172576593
9.528535,5.023953385,7.400872312,-0.090653287,6.775528575854379,5.025875555555555,7.391832777777777,-0.0106,0.009241640471224465,-4.5867154812495
9.546235,4.985714602,7.392077596,-0.08772137,6.791523226071966,4.985901851851851,7.392849259259259,-0.0106,0.0007940571092240377,-4.4187290112668425
9.567617,4.930173712,7.381089793,-0.083440265,6.815515201398346,4.925941296296296,7.394373981481481,-0.0106,0.013942130622701407,-4.173439763114486
9.585871,4.894584715,7.375289766,-0.080698009,6.831509851615934,4.885967592592593,7.395390462962963,-0.0106,0.021869906652318166,-4.01632006797006
9.606561,4.843828641,7.369025878,-0.076679636,6.847504501833521,4.845993888888889,7.396406944444444,-0.0106,0.027466545069509286,-3.786084254560737
9.628339,4.804217809,7.366075347,-0.073450552,6.863499152051108,4.806020185185185,7.3974234259259255,-0.0106,0.03139985051332236,-3.6010713696675154
9.647212,4.767384783,7.365289064,-0.070316936,6.879493802268695,4.766046481481482,7.398439907407407,-0.0106,0.03317784606596532,-3.421528398252848
9.667882,4.73364098,7.366735724,-0.067289063,6.895488452486282,4.726072777777778,7.399456388888889,-0.0106,0.03358451422378222,-3.248044054451233
9.687292,4.703216755,7.370312412,-0.064306438,6.903485777595075,4.706085925925926,7.399964629629629,-0.0106,0.02979070580159335,-3.0771522300810257
9.707497,4.676155645,7.375575793,-0.061396487,6.911483102703869,4.686099074074074,7.40047287037037,-0.0106,0.026809256672599466,-2.910424319191153
9.726642,4.652063724,7.381627879,-0.058478633,6.919480427812663,4.666112222222222,7.400981111111111,-0.0106,0.02391459586625582,-2.7432435997557874
9.745336,4.634623736,7.386508918,-0.056215659,6.927477752921456,4.64612537037037,7.401489351851851,-0.0106,0.01888652936829298,-2.6135847404079495
9.765352,4.614682595,7.392132122,-0.053367487,6.935475078030249,4.626138518518518,7.4019975925925925,-0.0106,0.015118389255322691,-2.4503965054806147
9.78839,4.5929253,7.39779711,-0.050078784,6.943472403139043,4.606151666666666,7.402505833333333,-0.0106,0.014039545955299767,-2.2619677035086023
9.807212,4.576695205,7.401539941,-0.047554206,6.951469728247837,4.586164814814815,7.403014074074074,-0.0106,0.009583662053980958,-2.1173200390570246
9.826607,4.562160181,7.404361337,-0.04522531,6.95946705335663,4.566177962962962,7.403522314814815,-0.0106,0.004104452476169829,-1.9838841273321246
9.846004,4.548957638,7.406282866,-0.042951693,6.967464378465424,4.546191111111111,7.404030555555555,-0.0106,0.0035674323210261446,-1.853615469002929
9.866706,4.536965307,7.407420209,-0.040822569,6.967464378465424,4.546191111111111,7.404030555555555,-0.0106,0.009828795041612435,-1.7316256497429172
9.888211,4.526095584,7.407935772,-0.038823147,6.975461703574217,4.526204259259259,7.404538796296296,-0.0106,0.0033987136159921434,-1.6170672076773112
9.905117,4.518149587,7.408014892,-0.037349601,6.975461703574217,4.526204259259259,7.404538796296296,-0.0106,0.008772741107851617,-1.5326392409589267
9.927207,4.507316453,7.407791766,-0.035268014,6.9834590286830105,4.506217407407407,7.405047037037037,-0.0106,0.0029565923450357704,-1.4133730911696278
9.946068,4.499159659,7.407415578,-0.033645517,6.9834590286830105,4.506217407407407,7.405047037037037,-0.0106,0.00744458184691975,-1.3204108607969907
9.964364,4.493295329,7.407037786,-0.032744922,6.991456353791804,4.486230555555555,7.405555277777777,-0.0106,0.007218646303171733,-1.2688105682464064
9.98896,4.485349024,7.406509836,-0.032743955,6.991456353791804,4.486230555555555,7.405555277777777,-0.0106,0.0012993380172429128,-1.2687551632276168
10.006972,4.479382492,7.406155239,-0.032746274,6.991456353791804,4.486230555555555,7.405555277777777,-0.0106,0.006874294722303878,-1.2688880321403078
10.028089,4.474105321,7.4058947,-0.032743892,6.999453678900598,4.466243703703704,7.406063518518518,-0.0106,0.007863429671944344,-1.2687515535935077
10.048010999999999,4.469382815,7.405740531,-0.032740412,6.999453678900598,4.466243703703704,7.406063518518518,-0.0106,0.003155683866875078,-1.2685521642808022
10.06713,4.465153315,7.405683201,-0.032739794,6.999453678900598,4.466243703703704,7.406063518518518,-0.0106,0.001154811214032764,-1.2685167554890633
10.087397,4.461370085,7.40570494,-0.032733122,6.999453678900598,4.466243703703704,7.406063518518518,-0.0106,0.004886792181281048,-1.268134478048152
10.108183,4.457991518,7.405785156,-0.032731359,7.007451004009392,4.446256851851851,7.406571759259259,-0.0106,0.011761000565257387,-1.2680334655888705
10.126559,4.454979877,7.405902435,-0.032728843,7.015448329118184,4.42627,7.40708,-0.0106,0.02873401636883356,-1.2678893094076154
