time_seconds,x_meters,y_meters,heading_radians,straight_reference,segment_index
0,4.42627,7.40708,-0.0106,true,0
0.007997325108794043,4.446256851851851,7.406571759259259,-0.0106,true,0
0.015994650217588086,4.466243703703704,7.406063518518518,-0.0106,true,0
0.02399197532638213,4.486230555555555,7.405555277777777,-0.0106,true,0
0.03198930043517617,4.506217407407407,7.405047037037037,-0.0106,true,0
0.039986625543970214,4.526204259259259,7.404538796296296,-0.0106,true,0
0.04798395065276425,4.546191111111111,7.404030555555555,-0.0106,true,0
0.05598127576155829,4.566177962962962,7.403522314814815,-0.0106,true,0
0.06397860087035233,4.586164814814815,7.403014074074074,-0.0106,true,0
0.07197592597914637,4.606151666666666,7.402505833333333,-0.0106,true,0
0.07997325108794041,4.626138518518518,7.4019975925925925,-0.0106,true,0
0.08797057619673446,4.64612537037037,7.401489351851851,-0.0106,true,0
0.09596790130552849,4.666112222222222,7.400981111111111,-0.0106,true,0
0.10396522641432253,4.686099074074074,7.40047287037037,-0.0106,true,0
0.11196255152311659,4.706085925925926,7.399964629629629,-0.0106,true,0
0.11995987663191063,4.726072777777778,7.399456388888889,-0.0106,true,0
0.12795720174070468,4.746059629629629,7.398948148148148,-0.0106,true,0
0.13595452684949874,4.766046481481482,7.398439907407407,-0.0106,true,0
0.1439518519582928,4.786033333333333,7.397931666666667,-0.0106,true,0
0.15194917706708683,4.806020185185185,7.3974234259259255,-0.0106,true,0
0.15994650217588088,4.826007037037037,7.396915185185185,-0.0106,true,0
0.16794382728467494,4.845993888888889,7.396406944444444,-0.0106,true,0
0.175941152393469,4.86598074074074,7.395898703703703,-0.0106,true,0
0.18393847750226305,4.885967592592593,7.395390462962963,-0.0106,true,0
0.19193580261105708,4.905954444444444,7.394882222222222,-0.0106,true,0
0.19993312771985114,4.925941296296296,7.394373981481481,-0.0106,true,0
0.2079304528286452,4.945928148148148,7.393865740740741,-0.0106,true,0
0.21592777793743925,4.965915,7.3933575,-0.0106,true,0
0.2239251030462333,4.985901851851851,7.392849259259259,-0.0106,true,0
0.23192242815502734,5.005888703703704,7.392341018518518,-0.0106,true,0
0.2399197532638214,5.025875555555555,7.391832777777777,-0.0106,true,0
0.24791707837261545,5.045862407407407,7.391324537037037,-0.0106,true,0
0.2559144034814095,5.065849259259259,7.390816296296296,-0.0106,true,0
0.26391172859020356,5.085836111111111,7.390308055555556,-0.0106,true,0
0.2719090536989976,5.105822962962963,7.389799814814815,-0.0106,true,0
0.2799063788077917,5.125809814814815,7.389291574074074,-0.0106,true,0
0.2879037039165857,5.145796666666667,7.3887833333333335,-0.0106,true,0
0.29590102902537974,5.165783518518518,7.388275092592592,-0.0106,true,0
0.3038983541341738,5.185770370370371,7.387766851851851,-0.0106,true,0
0.31189567924296785,5.205757222222222,7.387258611111111,-0.0106,true,0
0.31989300435176193,5.225744074074074,7.38675037037037,-0.0106,true,0
0.32789032946055596,5.245730925925926,7.38624212962963,-0.0106,true,0
0.33588765456935,5.265717777777778,7.385733888888889,-0.0106,true,0
0.3438849796781441,5.285704629629629,7.385225648148148,-0.0106,true,0
0.3518823047869381,5.305691481481482,7.384717407407408,-0.0106,true,0
0.3598796298957322,5.325678333333333,7.3842091666666665,-0.0106,true,0
0.3678769550045262,5.345665185185185,7.383700925925925,-0.0106,true,0
0.37587428011332025,5.365652037037037,7.383192685185185,-0.0106,true,0
0.38387160522211433,5.385638888888889,7.382684444444444,-0.0106,true,0
0.39186893033090836,5.40562574074074,7.382176203703704,-0.0106,true,0
0.39986625543970244,5.425612592592593,7.381667962962963,-0.0106,true,0
0.4078635805484964,5.445599444444444,7.381159722222222,-0.0106,true,0
0.4158609056572905,5.465586296296296,7.380651481481482,-0.0106,true,0
0.42385823076608453,5.4855731481481484,7.380143240740741,-0.0106,true,0
0.43185555587487856,5.50556,7.379635,-0.0106,true,0
0.43985288098367264,5.525546851851852,7.379126759259259,-0.0106,true,0
0.4478502060924667,5.545533703703704,7.378618518518518,-0.0106,true,0
0.45584753120126076,5.565520555555556,7.378110277777778,-0.0106,true,0
0.4638448563100548,5.585507407407407,7.377602037037037,-0.0106,true,0
0.4718421814188488,5.60549425925926,7.377093796296296,-0.0106,true,0
0.4798395065276429,5.625481111111111,7.376585555555556,-0.0106,true,0
0.48783683163643693,5.645467962962963,7.376077314814815,-0.0106,true,0
0.495834156745231,5.665454814814815,7.3755690740740745,-0.0106,true,0
0.503831481854025,5.685441666666667,7.375060833333333,-0.0106,true,0
0.5118288069628191,5.705428518518518,7.374552592592592,-0.0106,true,0
0.5198261320716131,5.725415370370371,7.374044351851852,-0.0106,true,0
0.5278234571804072,5.745402222222222,7.373536111111111,-0.0106,true,0
0.5358207822892013,5.765389074074074,7.37302787037037,-0.0106,true,0
0.5438181073979953,5.785375925925926,7.37251962962963,-0.0106,true,0
0.5518154325067893,5.805362777777778,7.372011388888889,-0.0106,true,0
0.5598127576155834,5.825349629629629,7.3715031481481486,-0.0106,true,0
0.5678100827243775,5.845336481481482,7.3709949074074075,-0.0106,true,0
0.5758074078331715,5.8653233333333334,7.370486666666666,-0.0106,true,0
0.5838047329419656,5.885310185185185,7.369978425925926,-0.0106,true,0
0.5918020580507596,5.9052970370370375,7.369470185185185,-0.0106,true,0
0.5997993831595536,5.925283888888889,7.368961944444444,-0.0106,true,0
0.6077967082683478,5.945270740740741,7.368453703703704,-0.0106,true,0
0.6157940333771418,5.965257592592593,7.367945462962963,-0.0106,true,0
0.6237913584859358,5.985244444444445,7.367437222222223,-0.0106,true,0
0.6317886835947298,6.005231296296296,7.366928981481482,-0.0106,true,0
0.6397860087035239,6.025218148148149,7.3664207407407405,-0.0106,true,0
0.647783333812318,6.045205,7.3659125,-0.0106,true,0
0.655780658921112,6.065191851851852,7.365404259259259,-0.0106,true,0
0.6637779840299061,6.085178703703704,7.364896018518519,-0.0106,true,0
0.6717753091387001,6.105165555555556,7.364387777777778,-0.0106,true,0
0.6797726342474941,6.125152407407407,7.363879537037037,-0.0106,true,0
0.6877699593562883,6.14513925925926,7.363371296296297,-0.0106,true,0
0.6957672844650823,6.165126111111111,7.362863055555556,-0.0106,true,0
0.7037646095738763,6.185112962962963,7.362354814814815,-0.0106,true,0
0.7117619346826703,6.205099814814815,7.361846574074074,-0.0106,true,0
0.7197592597914644,6.225086666666667,7.361338333333333,-0.0106,true,0
0.7277565849002585,6.245073518518518,7.360830092592593,-0.0106,true,0
0.7357539100090525,6.265060370370371,7.360321851851852,-0.0106,true,0
0.7437512351178466,6.2850472222222225,7.359813611111111,-0.0106,true,0
0.7517485602266406,6.305034074074074,7.359305370370371,-0.0106,true,0
0.7597458853354346,6.3250209259259265,7.35879712962963,-0.0106,true,0
0.7677432104442288,6.345007777777778,7.358288888888889,-0.0106,true,0
0.7757405355530228,6.36499462962963,7.3577806481481485,-0.0106,true,0
0.7837378606618168,6.384981481481482,7.357272407407407,-0.0106,true,0
0.7917351857706109,6.404968333333334,7.356764166666667,-0.0106,true,0
0.7997325108794049,6.424955185185185,7.356255925925926,-0.0106,true,0
0.807729835988199,6.444942037037038,7.355747685185185,-0.0106,true,0
0.8157271610969931,6.464928888888889,7.355239444444445,-0.0106,true,0
0.8237244862057871,6.484915740740741,7.354731203703704,-0.0106,true,0
0.8317218113145811,6.504902592592593,7.354222962962963,-0.0106,true,0
0.8397191364233751,6.524889444444445,7.3537147222222226,-0.0106,true,0
0.8477164615321693,6.544876296296296,7.3532064814814815,-0.0106,true,0
0.8557137866409633,6.564863148148149,7.352698240740741,-0.0106,true,0
0.8637111117497573,6.58485,7.35219,-0.0106,true,1
0.8716071856735814,6.601785555555556,7.342047916666667,-0.030821805555555554,true,1
0.8795032595974055,6.618721111111111,7.331905833333334,-0.05104361111111111,true,1
0.8873993335212296,6.635656666666667,7.321763750000001,-0.07126541666666666,true,1
0.8952954074450536,6.652592222222222,7.3116216666666665,-0.09148722222222222,true,1
0.9031914813688777,6.669527777777778,7.301479583333333,-0.11170902777777778,true,1
0.9110875552927018,6.686463333333334,7.2913375,-0.13193083333333333,true,1
0.9189836292165259,6.70339888888889,7.281195416666667,-0.15215263888888889,true,1
0.92687970314035,6.720334444444445,7.271053333333334,-0.17237444444444444,true,1
0.934775777064174,6.7372700000000005,7.26091125,-0.19259625,true,1
0.9426718509879981,6.754205555555556,7.250769166666667,-0.21281805555555555,true,1
0.9505679249118222,6.7711411111111115,7.240627083333333,-0.23303986111111114,true,1
0.9584639988356463,6.788076666666667,7.230485,-0.25326166666666666,true,1
0.9663600727594703,6.8050122222222225,7.220342916666667,-0.2734834722222222,true,1
0.9742561466832944,6.821947777777778,7.210200833333333,-0.2937052777777778,true,1
0.9821522206071185,6.838883333333333,7.20005875,-0.31392708333333336,true,1
0.9900482945309426,6.855818888888889,7.189916666666667,-0.3341488888888889,true,1
0.9979443684547666,6.872754444444444,7.179774583333334,-0.3543706944444444,true,1
1.0058404423785907,6.88969,7.1696325000000005,-0.3745925,true,1
1.0137365163024148,6.906625555555556,7.159490416666666,-0.3948143055555556,true,1
1.0216325902262389,6.923561111111112,7.149348333333333,-0.4150361111111111,true,1
1.029528664150063,6.940496666666667,7.13920625,-0.4352579166666667,true,1
1.037424738073887,6.957432222222223,7.129064166666667,-0.45547972222222227,true,1
1.045320811997711,6.974367777777778,7.1189220833333335,-0.47570152777777774,true,1
1.0532168859215352,6.991303333333334,7.10878,-0.4959233333333333,true,1
1.0611129598453592,7.008238888888889,7.098637916666667,-0.5161451388888889,true,1
1.0690090337691833,7.025174444444445,7.088495833333333,-0.5363669444444444,true,1
1.0769051076930074,7.04211,7.07835375,-0.5565887500000001,true,1
1.0848011816168315,7.059045555555556,7.068211666666667,-0.5768105555555556,true,1
1.0926972555406556,7.075981111111111,7.058069583333333,-0.5970323611111111,true,1
1.1005933294644796,7.092916666666667,7.0479275,-0.6172541666666668,true,1
1.1084894033883037,7.109852222222223,7.037785416666667,-0.6374759722222223,true,1
1.1163854773121278,7.126787777777778,7.027643333333334,-0.6576977777777778,true,1
1.1242815512359519,7.143723333333334,7.01750125,-0.6779195833333334,true,1
1.132177625159776,7.160658888888889,7.007359166666666,-0.6981413888888889,true,1
1.1400736990836,7.177594444444445,6.997217083333333,-0.7183631944444445,true,1
1.147969773007424,7.19453,6.987075,-0.738585,true,1
1.1558658469312482,7.211465555555556,6.976932916666667,-0.7588068055555556,true,1
1.1637619208550722,7.228401111111111,6.9667908333333335,-0.7790286111111112,true,1
1.1716579947788963,7.245336666666667,6.95664875,-0.7992504166666666,true,1
1.1795540687027204,7.262272222222222,6.946506666666666,-0.8194722222222223,true,1
1.1874501426265445,7.279207777777778,6.936364583333333,-0.8396940277777778,true,1
1.1953462165503685,7.296143333333333,6.9262225,-0.8599158333333334,true,1
1.2032422904741926,7.31307888888889,6.9160804166666665,-0.880137638888889,true,1
1.2111383643980167,7.330014444444445,6.905938333333333,-0.9003594444444446,true,1
1.2190344383218408,7.3469500000000005,6.89579625,-0.92058125,true,1
1.2269305122456649,7.363885555555556,6.885654166666667,-0.9408030555555555,true,1
1.234826586169489,7.3808211111111115,6.875512083333333,-0.9610248611111112,true,1
1.242722660093313,7.397756666666667,6.8653699999999995,-0.9812466666666667,true,1
1.250618734017137,7.4146922222222225,6.855227916666666,-1.0014684722222222,true,1
1.2585148079409612,7.431627777777778,6.845085833333333,-1.0216902777777777,true,1
1.2664108818647852,7.448563333333333,6.83494375,-1.0419120833333333,true,1
1.2743069557886093,7.465498888888889,6.824801666666667,-1.0621338888888887,true,1
1.2822030297124334,7.482434444444445,6.814659583333333,-1.0823556944444443,true,1
1.2900991036362575,7.499370000000001,6.804517499999999,-1.1025775,true,1
1.2979951775600815,7.516305555555556,6.794375416666666,-1.1227993055555554,true,1
1.3058912514839056,7.533241111111112,6.784233333333333,-1.143021111111111,true,1
1.3137873254077297,7.550176666666667,6.77409125,-1.1632429166666665,true,1
1.3216833993315538,7.567112222222223,6.7639491666666665,-1.183464722222222,true,1
1.3295794732553778,7.584047777777778,6.753807083333333,-1.2036865277777777,true,1
1.337475547179202,7.600983333333334,6.743665,-1.2239083333333334,true,1
1.345371621103026,7.617918888888889,6.733522916666667,-1.2441301388888888,true,1
1.35326769502685,7.634854444444445,6.723380833333333,-1.2643519444444444,true,1
1.3611637689506741,7.65179,6.7132387499999995,-1.2845737499999998,true,1
1.3690598428744982,7.668725555555556,6.703096666666666,-1.3047955555555555,true,1
1.3769559167983223,7.685661111111111,6.692954583333333,-1.3250173611111111,true,1
1.3848519907221464,7.7025966666666665,6.6828125,-1.3452391666666665,true,1
1.3927480646459705,7.719532222222222,6.672670416666667,-1.3654609722222222,true,1
1.4006441385697945,7.736467777777778,6.662528333333333,-1.3856827777777776,true,1
1.4085402124936186,7.753403333333334,6.652386249999999,-1.4059045833333332,true,1
1.4164362864174427,7.770338888888889,6.642244166666666,-1.4261263888888889,true,1
1.4243323603412668,7.787274444444445,6.632102083333333,-1.4463481944444445,true,1
1.4322284342650908,7.80421,6.62196,-1.46657,true,2
1.440125387767481,7.803248979591837,6.6022410204081625,-1.4689079591836733,true,2
1.4480223412698707,7.802287959183674,6.582522040816326,-1.471245918367347,true,2
1.4559192947722608,7.80132693877551,6.562803061224489,-1.4735838775510204,true,2
1.4638162482746506,7.800365918367347,6.543084081632653,-1.4759218367346938,true,2
1.4717132017770407,7.799404897959184,6.523365102040816,-1.4782597959183672,true,2
1.4796101552794307,7.798443877551021,6.50364612244898,-1.4805977551020408,true,2
1.4875071087818206,7.797482857142858,6.483927142857143,-1.4829357142857142,true,2
1.4954040622842106,7.796521836734694,6.4642081632653055,-1.4852736734693877,true,2
1.5033010157866005,7.795560816326531,6.444489183673469,-1.487611632653061,true,2
1.5111979692889905,7.7945997959183675,6.424770204081632,-1.4899495918367347,true,2
1.5190949227913806,7.793638775510204,6.405051224489796,-1.492287551020408,true,2
1.5269918762937704,7.792677755102041,6.385332244897959,-1.4946255102040815,true,2
1.5348888297961605,7.791716734693877,6.365613265306123,-1.496963469387755,true,2
1.5427857832985503,7.790755714285714,6.3458942857142855,-1.4993014285714286,true,2
1.5506827368009404,7.7897946938775515,6.326175306122448,-1.501639387755102,true,2
1.5585796903033304,7.788833673469388,6.306456326530612,-1.5039773469387754,true,2
1.5664766438057203,7.787872653061225,6.286737346938775,-1.506315306122449,true,2
1.5743735973081103,7.786911632653061,6.267018367346939,-1.5086532653061224,true,2
1.5822705508105002,7.785950612244898,6.247299387755102,-1.5109912244897958,true,2
1.5901675043128902,7.784989591836735,6.2275804081632655,-1.5133291836734692,true,2
1.5980644578152803,7.784028571428571,6.207861428571428,-1.5156671428571429,true,2
1.60596141131767,7.783067551020408,6.188142448979591,-1.5180051020408163,true,2
1.6138583648200597,7.7821065306122446,6.168423469387755,-1.5203430612244897,true,2
1.6217553183224496,7.781145510204081,6.148704489795918,-1.522681020408163,true,2
1.6296522718248394,7.780184489795919,6.128985510204082,-1.5250189795918367,true,2
1.6375492253272292,7.779223469387755,6.109266530612245,-1.5273569387755102,true,2
1.6454461788296189,7.778262448979592,6.0895475510204085,-1.5296948979591836,true,2
1.6533431323320087,7.777301428571429,6.069828571428571,-1.532032857142857,true,2
1.6612400858343985,7.776340408163265,6.050109591836735,-1.5343708163265306,true,2
1.6691370393367884,7.775379387755102,6.030390612244898,-1.536708775510204,true,2
1.6770339928391782,7.7744183673469385,6.010671632653061,-1.5390467346938774,true,2
1.6849309463415678,7.773457346938775,5.990952653061225,-1.5413846938775508,true,2
1.6928278998439577,7.772496326530612,5.971233673469388,-1.5437226530612245,true,2
1.7007248533463475,7.771535306122448,5.951514693877551,-1.5460606122448979,true,2
1.7086218068487373,7.770574285714286,5.931795714285714,-1.5483985714285713,true,2
1.7165187603511272,7.7696132653061225,5.912076734693877,-1.550736530612245,true,2
1.7244157138535168,7.768652244897959,5.892357755102041,-1.5530744897959183,true,2
1.7323126673559066,7.767691224489796,5.872638775510204,-1.5554124489795917,true,2
1.7402096208582964,7.766730204081632,5.852919795918368,-1.5577504081632652,true,2
1.7481065743606863,7.765769183673469,5.8332008163265305,-1.5600883673469388,true,2
1.7560035278630761,7.764808163265306,5.813481836734693,-1.5624263265306122,true,2
1.7639004813654657,7.763847142857142,5.793762857142857,-1.5647642857142856,true,2
1.7717974348678556,7.762886122448979,5.774043877551021,-1.567102244897959,true,2
1.7796943883702454,7.7619251020408155,5.754324897959184,-1.5694402040816327,true,2
1.7875913418726352,7.760964081632653,5.734605918367347,-1.571778163265306,true,2
1.795488295375025,7.76000306122449,5.714886938775511,-1.5741161224489795,true,2
1.8033852488774147,7.759042040816326,5.6951679591836735,-1.5764540816326529,true,2
1.8112822023798045,7.758081020408163,5.675448979591837,-1.5787920408163265,true,2
1.8191791558821944,7.75712,5.65573,-1.58113,true,3
1.8271102510449553,7.745848173076923,5.672042115384616,-1.5660287499999999,true,3
1.835041346207716,7.734576346153846,5.688354230769231,-1.5509275,true,3
1.8429724413704769,7.723304519230769,5.7046663461538465,-1.53582625,true,3
1.8509035365332376,7.712032692307692,5.720978461538461,-1.5207249999999999,true,3
1.8588346316959985,7.700760865384615,5.737290576923077,-1.5056237499999998,true,3
1.8667657268587594,7.689489038461538,5.753602692307693,-1.4905225,true,3
1.87469682202152,7.6782172115384615,5.769914807692308,-1.47542125,true,3
1.882627917184281,7.666945384615384,5.786226923076923,-1.4603199999999998,true,3
1.8905590123470417,7.655673557692308,5.802539038461538,-1.44521875,true,3
1.8984901075098026,7.64440173076923,5.818851153846154,-1.4301175,true,3
1.9064212026725635,7.633129903846154,5.83516326923077,-1.4150162499999999,true,3
1.9143522978353242,7.621858076923076,5.851475384615385,-1.399915,true,3
1.9222833929980851,7.61058625,5.8677875,-1.38481375,true,3
1.9302144881608458,7.5993144230769225,5.884099615384615,-1.3697124999999999,true,3
1.9381455833236068,7.588042596153846,5.900411730769231,-1.35461125,true,3
1.9460766784863677,7.576770769230769,5.916723846153847,-1.33951,true,3
1.9540077736491284,7.565498942307692,5.933035961538462,-1.32440875,true,3
1.9619388688118893,7.554227115384615,5.949348076923077,-1.3093075,true,3
1.96986996397465,7.542955288461538,5.965660192307692,-1.29420625,true,3
1.9778010591374109,7.531683461538461,5.981972307692308,-1.279105,true,3
1.9857321543001718,7.520411634615384,5.998284423076923,-1.2640037499999999,true,3
1.9936632494629325,7.509139807692307,6.0145965384615385,-1.2489024999999998,true,3
2.001594344625693,7.4978679807692306,6.030908653846154,-1.23380125,true,3
2.009525439788454,7.486596153846153,6.047220769230769,-1.2187,true,3
2.017456534951215,7.475324326923077,6.063532884615385,-1.2035987499999998,true,3
2.025387630113976,7.464052499999999,6.079845000000001,-1.1884975,true,3
2.033318725276737,7.452780673076923,6.0961571153846155,-1.17339625,true,3
2.0412498204394973,7.441508846153846,6.112469230769231,-1.1582949999999999,true,3
2.0491809156022582,7.430237019230769,6.128781346153846,-1.14319375,true,3
2.057112010765019,7.4189651923076925,6.145093461538462,-1.1280925,true,3
2.06504310592778,7.407693365384615,6.161405576923077,-1.1129912499999999,true,3
2.072974201090541,7.396421538461539,6.177717692307692,-1.09789,true,3
2.0809052962533015,7.385149711538461,6.194029807692308,-1.08278875,true,3
2.0888363914160624,7.373877884615385,6.210341923076923,-1.0676875,true,3
2.0967674865788233,7.362606057692307,6.226654038461539,-1.05258625,true,3
2.104698581741584,7.351334230769231,6.2429661538461545,-1.037485,true,3
2.112629676904345,7.3400624038461535,6.259278269230769,-1.02238375,true,3
2.1205607720671056,7.328790576923077,6.275590384615385,-1.0072825,true,3
2.1284918672298665,7.31751875,6.2919025,-0.9921812499999999,true,3
2.1364229623926274,7.306246923076923,6.308214615384616,-0.97708,true,3
2.1443540575553883,7.294975096153846,6.3245267307692306,-0.96197875,true,3
2.1522851527181492,7.283703269230769,6.340838846153846,-0.9468774999999999,true,3
2.1602162478809097,7.272431442307692,6.357150961538462,-0.93177625,true,3
2.1681473430436706,7.261159615384615,6.373463076923077,-0.9166749999999999,true,3
2.1760784382064315,7.249887788461538,6.389775192307693,-0.90157375,true,3
2.1840095333691925,7.2386159615384615,6.4060873076923075,-0.8864725,true,3
2.1919406285319534,7.227344134615384,6.422399423076923,-0.8713712499999999,true,3
2.199871723694714,7.216072307692308,6.438711538461539,-0.8562699999999999,true,3
2.2078028188574748,7.204800480769231,6.455023653846154,-0.8411687499999999,true,3
2.2157339140202357,7.193528653846154,6.47133576923077,-0.8260675,true,3
2.2236650091829966,7.182256826923076,6.487647884615384,-0.81096625,true,3
2.2315961043457575,7.170985,6.50396,-0.7958649999999999,true,3
2.239527199508518,7.1597131730769235,6.520272115384616,-0.78076375,true,3
2.247458294671279,7.148441346153846,6.536584230769231,-0.7656624999999999,true,3
2.25538938983404,7.137169519230769,6.5528963461538465,-0.75056125,true,3
2.2633204849968007,7.125897692307692,6.569208461538461,-0.73546,true,3
2.2712515801595616,7.114625865384616,6.585520576923077,-0.7203587499999998,true,3
2.279182675322322,7.103354038461538,6.601832692307693,-0.7052574999999999,true,3
2.287113770485083,7.092082211538462,6.618144807692308,-0.6901562499999999,true,3
2.295044865647844,7.0808103846153845,6.6344569230769235,-0.675055,true,3
2.302975960810605,7.069538557692308,6.650769038461538,-0.6599537499999999,true,3
2.3109070559733658,7.058266730769231,6.667081153846154,-0.6448524999999999,true,3
2.3188381511361262,7.046994903846154,6.68339326923077,-0.62975125,true,3
2.326769246298887,7.035723076923077,6.699705384615385,-0.6146499999999999,true,3
2.334700341461648,7.02445125,6.7160175,-0.59954875,true,3
2.342631436624409,7.013179423076923,6.732329615384615,-0.5844475,true,3
2.35056253178717,7.001907596153846,6.748641730769231,-0.5693462499999999,true,3
2.3584936269499304,6.990635769230769,6.764953846153846,-0.5542449999999999,true,3
2.3664247221126913,6.9793639423076925,6.781265961538462,-0.53914375,true,3
2.374355817275452,6.968092115384615,6.797578076923077,-0.5240425,true,3
2.382286912438213,6.956820288461539,6.813890192307692,-0.5089412499999999,true,3
2.390218007600974,6.945548461538461,6.830202307692308,-0.49384000000000006,true,3
2.3981491027637345,6.934276634615385,6.846514423076924,-0.47873875,true,3
2.4060801979264954,6.923004807692307,6.862826538461539,-0.4636374999999999,true,3
2.4140112930892563,6.911732980769231,6.879138653846154,-0.44853624999999986,true,3
2.4219423882520172,6.9004611538461536,6.895450769230769,-0.433435,true,3
2.429873483414778,6.889189326923077,6.911762884615385,-0.41833374999999995,true,3
2.4378045785775386,6.877917500000001,6.928075,-0.4032324999999999,true,3
2.4457356737402995,6.866645673076923,6.9443871153846155,-0.38813125000000004,true,3
2.4536667689030605,6.855373846153846,6.960699230769231,-0.37303,true,3
2.4615978640658214,6.844102019230769,6.977011346153846,-0.3579287499999999,true,3
2.4695289592285823,6.832830192307693,6.993323461538462,-0.34282750000000006,true,3
2.4774600543913428,6.8215583653846155,7.009635576923078,-0.3277262499999998,true,3
2.4853911495541037,6.810286538461539,7.0259476923076924,-0.31262499999999993,true,3
2.4933222447168646,6.799014711538462,7.042259807692308,-0.29752374999999986,true,3
2.5012533398796255,6.787742884615385,7.058571923076923,-0.2824225,true,3
2.5091844350423864,6.776471057692308,7.074884038461539,-0.26732124999999995,true,3
2.517115530205147,6.765199230769231,7.091196153846154,-0.2522199999999999,true,3
2.525046625367908,6.753927403846154,7.107508269230769,-0.23711875000000004,true,3
2.5329777205306687,6.742655576923077,7.123820384615385,-0.22201749999999998,true,3
2.5409088156934296,6.73138375,7.1401325,-0.2069162499999999,true,3
2.5488399108561905,6.7201119230769235,7.156444615384616,-0.19181500000000007,true,3
2.556771006018951,6.708840096153846,7.1727567307692315,-0.17671374999999978,true,3
2.564702101181712,6.69756826923077,7.189068846153846,-0.16161249999999994,true,3
2.572633196344473,6.686296442307692,7.205380961538461,-0.14651124999999987,true,3
2.5805642915072338,6.675024615384616,7.221693076923077,-0.1314099999999998,true,3
2.5884953866699947,6.663752788461538,7.238005192307693,-0.11630874999999996,true,3
2.596426481832755,6.652480961538462,7.2543173076923075,-0.1012074999999999,true,3
2.604357576995516,6.641209134615385,7.270629423076923,-0.08610625000000005,true,3
2.612288672158277,6.629937307692308,7.286941538461539,-0.07100499999999998,true,3
2.620219767321038,6.618665480769231,7.303253653846154,-0.05590374999999992,true,3
2.628150862483799,6.607393653846154,7.31956576923077,-0.040802500000000075,true,3
2.6360819576465593,6.596121826923078,7.335877884615385,-0.025701249999999787,true,3
2.64401305280932,6.58485,7.35219,-0.0106,true,4
2.6520103779181143,6.564863148148149,7.352698240740741,-0.0106,true,4
2.660007703026908,6.544876296296296,7.3532064814814815,-0.0106,true,4
2.6680050281357017,6.524889444444445,7.3537147222222226,-0.0106,true,4
2.676002353244496,6.504902592592593,7.354222962962963,-0.0106,true,4
2.6839996783532896,6.484915740740741,7.354731203703704,-0.0106,true,4
2.6919970034620837,6.464928888888889,7.355239444444445,-0.0106,true,4
2.6999943285708774,6.444942037037038,7.355747685185185,-0.0106,true,4
2.707991653679671,6.424955185185185,7.356255925925926,-0.0106,true,4
2.7159889787884652,6.404968333333334,7.356764166666667,-0.0106,true,4
2.723986303897259,6.384981481481482,7.357272407407407,-0.0106,true,4
2.731983629006053,6.36499462962963,7.3577806481481485,-0.0106,true,4
2.7399809541148468,6.345007777777778,7.358288888888889,-0.0106,true,4
2.7479782792236405,6.3250209259259265,7.35879712962963,-0.0106,true,4
2.7559756043324346,6.305034074074074,7.359305370370371,-0.0106,true,4
2.7639729294412283,6.2850472222222225,7.359813611111111,-0.0106,true,4
2.7719702545500224,6.265060370370371,7.360321851851852,-0.0106,true,4
2.779967579658816,6.245073518518518,7.360830092592593,-0.0106,true,4
2.78796490476761,6.225086666666667,7.361338333333333,-0.0106,true,4
2.795962229876404,6.205099814814815,7.361846574074074,-0.0106,true,4
2.8039595549851977,6.185112962962963,7.362354814814815,-0.0106,true,4
2.811956880093992,6.165126111111111,7.362863055555556,-0.0106,true,4
2.8199542052027855,6.14513925925926,7.363371296296297,-0.0106,true,4
2.827951530311579,6.125152407407407,7.363879537037037,-0.0106,true,4
2.8359488554203733,6.105165555555556,7.364387777777778,-0.0106,true,4
2.843946180529167,6.085178703703704,7.364896018518519,-0.0106,true,4
2.851943505637961,6.065191851851852,7.365404259259259,-0.0106,true,4
2.859940830746755,6.045205,7.3659125,-0.0106,true,4
2.8679381558555486,6.025218148148149,7.3664207407407405,-0.0106,true,4
2.8759354809643427,6.005231296296296,7.366928981481482,-0.0106,true,4
2.8839328060731364,5.985244444444445,7.367437222222223,-0.0106,true,4
2.8919301311819305,5.965257592592593,7.367945462962963,-0.0106,true,4
2.8999274562907242,5.945270740740741,7.368453703703704,-0.0106,true,4
2.907924781399518,5.925283888888889,7.368961944444444,-0.0106,true,4
2.915922106508312,5.9052970370370375,7.369470185185185,-0.0106,true,4
2.9239194316171058,5.885310185185185,7.369978425925926,-0.0106,true,4
2.9319167567259,5.8653233333333334,7.370486666666666,-0.0106,true,4
2.9399140818346936,5.845336481481482,7.3709949074074075,-0.0106,true,4
2.9479114069434873,5.825349629629629,7.3715031481481486,-0.0106,true,4
2.9559087320522814,5.805362777777778,7.372011388888889,-0.0106,true,4
2.963906057161075,5.785375925925926,7.37251962962963,-0.0106,true,4
2.9719033822698693,5.765389074074074,7.37302787037037,-0.0106,true,4
2.979900707378663,5.745402222222222,7.373536111111111,-0.0106,true,4
2.9878980324874567,5.725415370370371,7.374044351851852,-0.0106,true,4
2.995895357596251,5.705428518518518,7.374552592592592,-0.0106,true,4
3.0038926827050445,5.685441666666667,7.375060833333333,-0.0106,true,4
3.0118900078138386,5.665454814814815,7.3755690740740745,-0.0106,true,4
3.0198873329226323,5.645467962962963,7.376077314814815,-0.0106,true,4
3.027884658031426,5.625481111111111,7.376585555555556,-0.0106,true,4
3.03588198314022,5.60549425925926,7.377093796296296,-0.0106,true,4
3.043879308249014,5.585507407407407,7.377602037037037,-0.0106,true,4
3.051876633357808,5.565520555555556,7.378110277777778,-0.0106,true,4
3.0598739584666017,5.545533703703704,7.378618518518518,-0.0106,true,4
3.0678712835753954,5.525546851851852,7.379126759259259,-0.0106,true,4
3.0758686086841895,5.50556,7.379635,-0.0106,true,4
3.0838659337929832,5.4855731481481484,7.380143240740741,-0.0106,true,4
3.0918632589017774,5.465586296296296,7.380651481481482,-0.0106,true,4
3.099860584010571,5.445599444444444,7.381159722222222,-0.0106,true,4
3.1078579091193648,5.425612592592593,7.381667962962963,-0.0106,true,4
3.115855234228159,5.40562574074074,7.382176203703704,-0.0106,true,4
3.1238525593369526,5.385638888888889,7.382684444444444,-0.0106,true,4
3.1318498844457467,5.365652037037037,7.383192685185185,-0.0106,true,4
3.1398472095545404,5.345665185185185,7.383700925925925,-0.0106,true,4
3.147844534663334,5.325678333333333,7.3842091666666665,-0.0106,true,4
3.1558418597721283,5.305691481481482,7.384717407407408,-0.0106,true,4
3.163839184880922,5.285704629629629,7.385225648148148,-0.0106,true,4
3.171836509989716,5.265717777777778,7.385733888888889,-0.0106,true,4
3.17983383509851,5.245730925925926,7.38624212962963,-0.0106,true,4
3.1878311602073035,5.225744074074074,7.38675037037037,-0.0106,true,4
3.1958284853160976,5.205757222222222,7.387258611111111,-0.0106,true,4
3.203825810424892,5.185770370370371,7.387766851851851,-0.0106,true,4
3.211823135533686,5.165783518518518,7.388275092592592,-0.0106,true,4
3.21982046064248,5.145796666666667,7.3887833333333335,-0.0106,true,4
3.2278177857512746,5.125809814814815,7.389291574074074,-0.0106,true,4
3.235815110860069,5.105822962962963,7.389799814814815,-0.0106,true,4
3.243812435968863,5.085836111111111,7.390308055555556,-0.0106,true,4
3.251809761077657,5.065849259259259,7.390816296296296,-0.0106,true,4
3.259807086186451,5.045862407407407,7.391324537037037,-0.0106,true,4
3.267804411295246,5.025875555555555,7.391832777777777,-0.0106,true,4
3.27580173640404,5.005888703703704,7.392341018518518,-0.0106,true,4
3.283799061512834,4.985901851851851,7.392849259259259,-0.0106,true,4
3.291796386621628,4.965915,7.3933575,-0.0106,true,4
3.2997937117304224,4.945928148148148,7.393865740740741,-0.0106,true,4
3.307791036839217,4.925941296296296,7.394373981481481,-0.0106,true,4
3.315788361948011,4.905954444444444,7.394882222222222,-0.0106,true,4
3.323785687056805,4.885967592592593,7.395390462962963,-0.0106,true,4
3.3317830121655994,4.86598074074074,7.395898703703703,-0.0106,true,4
3.3397803372743935,4.845993888888889,7.396406944444444,-0.0106,true,4
3.347777662383188,4.826007037037037,7.396915185185185,-0.0106,true,4
3.355774987491982,4.806020185185185,7.3974234259259255,-0.0106,true,4
3.3637723126007764,4.786033333333333,7.397931666666667,-0.0106,true,4
3.3717696377095705,4.766046481481482,7.398439907407407,-0.0106,true,4
3.3797669628183646,4.746059629629629,7.398948148148148,-0.0106,true,4
3.3877642879271592,4.726072777777778,7.399456388888889,-0.0106,true,4
3.3957616130359534,4.706085925925926,7.399964629629629,-0.0106,true,4
3.4037589381447475,4.686099074074074,7.40047287037037,-0.0106,true,4
3.4117562632535416,4.666112222222222,7.400981111111111,-0.0106,true,4
3.419753588362336,4.64612537037037,7.401489351851851,-0.0106,true,4
3.4277509134711304,4.626138518518518,7.4019975925925925,-0.0106,true,4
3.4357482385799245,4.606151666666666,7.402505833333333,-0.0106,true,4
3.4437455636887186,4.586164814814815,7.403014074074074,-0.0106,true,4
3.451742888797513,4.566177962962962,7.403522314814815,-0.0106,true,4
3.459740213906307,4.546191111111111,7.404030555555555,-0.0106,true,4
3.4677375390151015,4.526204259259259,7.404538796296296,-0.0106,true,4
3.4757348641238957,4.506217407407407,7.405047037037037,-0.0106,true,4
3.48373218923269,4.486230555555555,7.405555277777777,-0.0106,true,4
3.491729514341484,4.466243703703704,7.406063518518518,-0.0106,true,4
3.499726839450278,4.446256851851851,7.406571759259259,-0.0106,true,4
3.5077241645590727,4.42627,7.40708,-0.0106,true,5
3.515721489667867,4.446256851851851,7.406571759259259,-0.0106,true,5
3.523718814776661,4.466243703703704,7.406063518518518,-0.0106,true,5
3.531716139885455,4.486230555555555,7.405555277777777,-0.0106,true,5
3.539713464994249,4.506217407407407,7.405047037037037,-0.0106,true,5
3.547710790103044,4.526204259259259,7.404538796296296,-0.0106,true,5
3.555708115211838,4.546191111111111,7.404030555555555,-0.0106,true,5
3.563705440320632,4.566177962962962,7.403522314814815,-0.0106,true,5
3.571702765429426,4.586164814814815,7.403014074074074,-0.0106,true,5
3.5797000905382204,4.606151666666666,7.402505833333333,-0.0106,true,5
3.587697415647015,4.626138518518518,7.4019975925925925,-0.0106,true,5
3.595694740755809,4.64612537037037,7.401489351851851,-0.0106,true,5
3.6036920658646032,4.666112222222222,7.400981111111111,-0.0106,true,5
3.6116893909733974,4.686099074074074,7.40047287037037,-0.0106,true,5
3.6196867160821915,4.706085925925926,7.399964629629629,-0.0106,true,5
3.627684041190986,4.726072777777778,7.399456388888889,-0.0106,true,5
3.6356813662997802,4.746059629629629,7.398948148148148,-0.0106,true,5
3.6436786914085744,4.766046481481482,7.398439907407407,-0.0106,true,5
3.6516760165173685,4.786033333333333,7.397931666666667,-0.0106,true,5
3.6596733416261626,4.806020185185185,7.3974234259259255,-0.0106,true,5
3.6676706667349572,4.826007037037037,7.396915185185185,-0.0106,true,5
3.6756679918437514,4.845993888888889,7.396406944444444,-0.0106,true,5
3.6836653169525455,4.86598074074074,7.395898703703703,-0.0106,true,5
3.6916626420613396,4.885967592592593,7.395390462962963,-0.0106,true,5
3.699659967170134,4.905954444444444,7.394882222222222,-0.0106,true,5
3.7076572922789284,4.925941296296296,7.394373981481481,-0.0106,true,5
3.7156546173877225,4.945928148148148,7.393865740740741,-0.0106,true,5
3.7236519424965167,4.965915,7.3933575,-0.0106,true,5
3.731649267605311,4.985901851851851,7.392849259259259,-0.0106,true,5
3.739646592714105,5.005888703703704,7.392341018518518,-0.0106,true,5
3.7476439178228995,5.025875555555555,7.391832777777777,-0.0106,true,5
3.7556412429316937,5.045862407407407,7.391324537037037,-0.0106,true,5
3.763638568040488,5.065849259259259,7.390816296296296,-0.0106,true,5
3.771635893149282,5.085836111111111,7.390308055555556,-0.0106,true,5
3.779633218258076,5.105822962962963,7.389799814814815,-0.0106,true,5
3.7876305433668707,5.125809814814815,7.389291574074074,-0.0106,true,5
3.795627868475665,5.145796666666667,7.3887833333333335,-0.0106,true,5
3.803625193584459,5.165783518518518,7.388275092592592,-0.0106,true,5
3.811622518693253,5.185770370370371,7.387766851851851,-0.0106,true,5
3.819619843802047,5.205757222222222,7.387258611111111,-0.0106,true,5
3.827617168910842,5.225744074074074,7.38675037037037,-0.0106,true,5
3.835614494019636,5.245730925925926,7.38624212962963,-0.0106,true,5
3.84361181912843,5.265717777777778,7.385733888888889,-0.0106,true,5
3.8516091442372242,5.285704629629629,7.385225648148148,-0.0106,true,5
3.8596064693460184,5.305691481481482,7.384717407407408,-0.0106,true,5
3.867603794454813,5.325678333333333,7.3842091666666665,-0.0106,true,5
3.875601119563607,5.345665185185185,7.383700925925925,-0.0106,true,5
3.8835984446724012,5.365652037037037,7.383192685185185,-0.0106,true,5
3.8915957697811954,5.385638888888889,7.382684444444444,-0.0106,true,5
3.8995930948899895,5.40562574074074,7.382176203703704,-0.0106,true,5
3.907590419998784,5.425612592592593,7.381667962962963,-0.0106,true,5
3.9155877451075782,5.445599444444444,7.381159722222222,-0.0106,true,5
3.9235850702163724,5.465586296296296,7.380651481481482,-0.0106,true,5
3.9315823953251665,5.4855731481481484,7.380143240740741,-0.0106,true,5
3.9395797204339607,5.50556,7.379635,-0.0106,true,5
3.9475770455427552,5.525546851851852,7.379126759259259,-0.0106,true,5
3.9555743706515494,5.545533703703704,7.378618518518518,-0.0106,true,5
3.9635716957603435,5.565520555555556,7.378110277777778,-0.0106,true,5
3.9715690208691377,5.585507407407407,7.377602037037037,-0.0106,true,5
3.979566345977932,5.60549425925926,7.377093796296296,-0.0106,true,5
3.9875636710867264,5.625481111111111,7.376585555555556,-0.0106,true,5
3.9955609961955205,5.645467962962963,7.376077314814815,-0.0106,true,5
4.003558321304315,5.665454814814815,7.3755690740740745,-0.0106,true,5
4.011555646413109,5.685441666666667,7.375060833333333,-0.0106,true,5
4.019552971521903,5.705428518518518,7.374552592592592,-0.0106,true,5
4.0275502966306975,5.725415370370371,7.374044351851852,-0.0106,true,5
4.035547621739491,5.745402222222222,7.373536111111111,-0.0106,true,5
4.043544946848286,5.765389074074074,7.37302787037037,-0.0106,true,5
4.05154227195708,5.785375925925926,7.37251962962963,-0.0106,true,5
4.059539597065874,5.805362777777778,7.372011388888889,-0.0106,true,5
4.067536922174669,5.825349629629629,7.3715031481481486,-0.0106,true,5
4.075534247283462,5.845336481481482,7.3709949074074075,-0.0106,true,5
4.083531572392257,5.8653233333333334,7.370486666666666,-0.0106,true,5
4.0915288975010515,5.885310185185185,7.369978425925926,-0.0106,true,5
4.099526222609845,5.9052970370370375,7.369470185185185,-0.0106,true,5
4.10752354771864,5.925283888888889,7.368961944444444,-0.0106,true,5
4.1155208728274335,5.945270740740741,7.368453703703704,-0.0106,true,5
4.123518197936228,5.965257592592593,7.367945462962963,-0.0106,true,5
4.131515523045023,5.985244444444445,7.367437222222223,-0.0106,true,5
4.139512848153816,6.005231296296296,7.366928981481482,-0.0106,true,5
4.147510173262611,6.025218148148149,7.3664207407407405,-0.0106,true,5
4.155507498371405,6.045205,7.3659125,-0.0106,true,5
4.163504823480199,6.065191851851852,7.365404259259259,-0.0106,true,5
4.171502148588994,6.085178703703704,7.364896018518519,-0.0106,true,5
4.1794994736977875,6.105165555555556,7.364387777777778,-0.0106,true,5
4.187496798806582,6.125152407407407,7.363879537037037,-0.0106,true,5
4.195494123915376,6.14513925925926,7.363371296296297,-0.0106,true,5
4.20349144902417,6.165126111111111,7.362863055555556,-0.0106,true,5
4.211488774132965,6.185112962962963,7.362354814814815,-0.0106,true,5
4.219486099241759,6.205099814814815,7.361846574074074,-0.0106,true,5
4.227483424350553,6.225086666666667,7.361338333333333,-0.0106,true,5
4.235480749459347,6.245073518518518,7.360830092592593,-0.0106,true,5
4.2434780745681415,6.265060370370371,7.360321851851852,-0.0106,true,5
4.251475399676936,6.2850472222222225,7.359813611111111,-0.0106,true,5
4.25947272478573,6.305034074074074,7.359305370370371,-0.0106,true,5
4.267470049894524,6.3250209259259265,7.35879712962963,-0.0106,true,5
4.275467375003318,6.345007777777778,7.358288888888889,-0.0106,true,5
4.283464700112113,6.36499462962963,7.3577806481481485,-0.0106,true,5
4.291462025220907,6.384981481481482,7.357272407407407,-0.0106,true,5
4.299459350329701,6.404968333333334,7.356764166666667,-0.0106,true,5
4.3074566754384955,6.424955185185185,7.356255925925926,-0.0106,true,5
4.315454000547289,6.444942037037038,7.355747685185185,-0.0106,true,5
4.323451325656084,6.464928888888889,7.355239444444445,-0.0106,true,5
4.331448650764878,6.484915740740741,7.354731203703704,-0.0106,true,5
4.339445975873672,6.504902592592593,7.354222962962963,-0.0106,true,5
4.347443300982467,6.524889444444445,7.3537147222222226,-0.0106,true,5
4.35544062609126,6.544876296296296,7.3532064814814815,-0.0106,true,5
4.363437951200055,6.564863148148149,7.352698240740741,-0.0106,true,5
4.3714352763088495,6.58485,7.35219,-0.0106,true,6
4.379331350232674,6.601785555555556,7.342047916666667,-0.030821805555555554,true,6
4.387227424156498,6.618721111111111,7.331905833333334,-0.05104361111111111,true,6
4.395123498080322,6.635656666666667,7.321763750000001,-0.07126541666666666,true,6
4.403019572004146,6.652592222222222,7.3116216666666665,-0.09148722222222222,true,6
4.41091564592797,6.669527777777778,7.301479583333333,-0.11170902777777778,true,6
4.418811719851794,6.686463333333334,7.2913375,-0.13193083333333333,true,6
4.426707793775618,6.70339888888889,7.281195416666667,-0.15215263888888889,true,6
4.434603867699442,6.720334444444445,7.271053333333334,-0.17237444444444444,true,6
4.442499941623266,6.7372700000000005,7.26091125,-0.19259625,true,6
4.45039601554709,6.754205555555556,7.250769166666667,-0.21281805555555555,true,6
4.458292089470914,6.7711411111111115,7.240627083333333,-0.23303986111111114,true,6
4.4661881633947385,6.788076666666667,7.230485,-0.25326166666666666,true,6
4.4740842373185625,6.8050122222222225,7.220342916666667,-0.2734834722222222,true,6
4.481980311242387,6.821947777777778,7.210200833333333,-0.2937052777777778,true,6
4.489876385166211,6.838883333333333,7.20005875,-0.31392708333333336,true,6
4.497772459090035,6.855818888888889,7.189916666666667,-0.3341488888888889,true,6
4.505668533013859,6.872754444444444,7.179774583333334,-0.3543706944444444,true,6
4.513564606937683,6.88969,7.1696325000000005,-0.3745925,true,6
4.521460680861507,6.906625555555556,7.159490416666666,-0.3948143055555556,true,6
4.529356754785331,6.923561111111112,7.149348333333333,-0.4150361111111111,true,6
4.537252828709155,6.940496666666667,7.13920625,-0.4352579166666667,true,6
4.545148902632979,6.957432222222223,7.129064166666667,-0.45547972222222227,true,6
4.553044976556803,6.974367777777778,7.1189220833333335,-0.47570152777777774,true,6
4.560941050480627,6.991303333333334,7.10878,-0.4959233333333333,true,6
4.5688371244044514,7.008238888888889,7.098637916666667,-0.5161451388888889,true,6
4.5767331983282755,7.025174444444445,7.088495833333333,-0.5363669444444444,true,6
4.5846292722521,7.04211,7.07835375,-0.5565887500000001,true,6
4.592525346175924,7.059045555555556,7.068211666666667,-0.5768105555555556,true,6
4.600421420099748,7.075981111111111,7.058069583333333,-0.5970323611111111,true,6
4.608317494023572,7.092916666666667,7.0479275,-0.6172541666666668,true,6
4.616213567947396,7.109852222222223,7.037785416666667,-0.6374759722222223,true,6
4.62410964187122,7.126787777777778,7.027643333333334,-0.6576977777777778,true,6
4.632005715795044,7.143723333333334,7.01750125,-0.6779195833333334,true,6
4.639901789718868,7.160658888888889,7.007359166666666,-0.6981413888888889,true,6
4.647797863642692,7.177594444444445,6.997217083333333,-0.7183631944444445,true,6
4.655693937566516,7.19453,6.987075,-0.738585,true,6
4.66359001149034,7.211465555555556,6.976932916666667,-0.7588068055555556,true,6
4.671486085414164,7.228401111111111,6.9667908333333335,-0.7790286111111112,true,6
4.6793821593379885,7.245336666666667,6.95664875,-0.7992504166666666,true,6
4.687278233261813,7.262272222222222,6.946506666666666,-0.8194722222222223,true,6
4.695174307185637,7.279207777777778,6.936364583333333,-0.8396940277777778,true,6
4.703070381109461,7.296143333333333,6.9262225,-0.8599158333333334,true,6
4.710966455033285,7.31307888888889,6.9160804166666665,-0.880137638888889,true,6
4.718862528957109,7.330014444444445,6.905938333333333,-0.9003594444444446,true,6
4.726758602880933,7.3469500000000005,6.89579625,-0.92058125,true,6
4.734654676804757,7.363885555555556,6.885654166666667,-0.9408030555555555,true,6
4.742550750728581,7.3808211111111115,6.875512083333333,-0.9610248611111112,true,6
4.750446824652405,7.397756666666667,6.8653699999999995,-0.9812466666666667,true,6
4.758342898576229,7.4146922222222225,6.855227916666666,-1.0014684722222222,true,6
4.766238972500053,7.431627777777778,6.845085833333333,-1.0216902777777777,true,6
4.774135046423877,7.448563333333333,6.83494375,-1.0419120833333333,true,6
4.7820311203477015,7.465498888888889,6.824801666666667,-1.0621338888888887,true,6
4.789927194271526,7.482434444444445,6.814659583333333,-1.0823556944444443,true,6
4.79782326819535,7.499370000000001,6.804517499999999,-1.1025775,true,6
4.805719342119174,7.516305555555556,6.794375416666666,-1.1227993055555554,true,6
4.813615416042998,7.533241111111112,6.784233333333333,-1.143021111111111,true,6
4.821511489966822,7.550176666666667,6.77409125,-1.1632429166666665,true,6
4.829407563890646,7.567112222222223,6.7639491666666665,-1.183464722222222,true,6
4.83730363781447,7.584047777777778,6.753807083333333,-1.2036865277777777,true,6
4.845199711738294,7.600983333333334,6.743665,-1.2239083333333334,true,6
4.853095785662118,7.617918888888889,6.733522916666667,-1.2441301388888888,true,6
4.860991859585942,7.634854444444445,6.723380833333333,-1.2643519444444444,true,6
4.868887933509766,7.65179,6.7132387499999995,-1.2845737499999998,true,6
4.87678400743359,7.668725555555556,6.703096666666666,-1.3047955555555555,true,6
4.8846800813574145,7.685661111111111,6.692954583333333,-1.3250173611111111,true,6
4.892576155281239,7.7025966666666665,6.6828125,-1.3452391666666665,true,6
4.900472229205063,7.719532222222222,6.672670416666667,-1.3654609722222222,true,6
4.908368303128887,7.736467777777778,6.662528333333333,-1.3856827777777776,true,6
4.916264377052711,7.753403333333334,6.652386249999999,-1.4059045833333332,true,6
4.924160450976535,7.770338888888889,6.642244166666666,-1.4261263888888889,true,6
4.932056524900359,7.787274444444445,6.632102083333333,-1.4463481944444445,true,6
4.939952598824183,7.80421,6.62196,-1.46657,true,7
4.947849552326573,7.803248979591837,6.6022410204081625,-1.4689079591836733,true,7
4.955746505828963,7.802287959183674,6.582522040816326,-1.471245918367347,true,7
4.963643459331353,7.80132693877551,6.562803061224489,-1.4735838775510204,true,7
4.971540412833743,7.800365918367347,6.543084081632653,-1.4759218367346938,true,7
4.979437366336134,7.799404897959184,6.523365102040816,-1.4782597959183672,true,7
4.987334319838523,7.798443877551021,6.50364612244898,-1.4805977551020408,true,7
4.995231273340914,7.797482857142858,6.483927142857143,-1.4829357142857142,true,7
5.0031282268433035,7.796521836734694,6.4642081632653055,-1.4852736734693877,true,7
5.011025180345694,7.795560816326531,6.444489183673469,-1.487611632653061,true,7
5.0189221338480845,7.7945997959183675,6.424770204081632,-1.4899495918367347,true,7
5.026819087350474,7.793638775510204,6.405051224489796,-1.492287551020408,true,7
5.034716040852865,7.792677755102041,6.385332244897959,-1.4946255102040815,true,7
5.042612994355254,7.791716734693877,6.365613265306123,-1.496963469387755,true,7
5.050509947857645,7.790755714285714,6.3458942857142855,-1.4993014285714286,true,7
5.058406901360035,7.7897946938775515,6.326175306122448,-1.501639387755102,true,7
5.066303854862425,7.788833673469388,6.306456326530612,-1.5039773469387754,true,7
5.074200808364815,7.787872653061225,6.286737346938775,-1.506315306122449,true,7
5.082097761867205,7.786911632653061,6.267018367346939,-1.5086532653061224,true,7
5.0899947153695955,7.785950612244898,6.247299387755102,-1.5109912244897958,true,7
5.097891668871986,7.784989591836735,6.2275804081632655,-1.5133291836734692,true,7
5.105788622374376,7.784028571428571,6.207861428571428,-1.5156671428571429,true,7
5.113685575876766,7.783067551020408,6.188142448979591,-1.5180051020408163,true,7
5.121582529379156,7.7821065306122446,6.168423469387755,-1.5203430612244897,true,7
5.129479482881546,7.781145510204081,6.148704489795918,-1.522681020408163,true,7
5.137376436383937,7.780184489795919,6.128985510204082,-1.5250189795918367,true,7
5.145273389886326,7.779223469387755,6.109266530612245,-1.5273569387755102,true,7
5.153170343388717,7.778262448979592,6.0895475510204085,-1.5296948979591836,true,7
5.161067296891106,7.777301428571429,6.069828571428571,-1.532032857142857,true,7
5.168964250393497,7.776340408163265,6.050109591836735,-1.5343708163265306,true,7
5.176861203895887,7.775379387755102,6.030390612244898,-1.536708775510204,true,7
5.184758157398277,7.7744183673469385,6.010671632653061,-1.5390467346938774,true,7
5.192655110900668,7.773457346938775,5.990952653061225,-1.5413846938775508,true,7
5.200552064403057,7.772496326530612,5.971233673469388,-1.5437226530612245,true,7
5.208449017905448,7.771535306122448,5.951514693877551,-1.5460606122448979,true,7
5.216345971407838,7.770574285714286,5.931795714285714,-1.5483985714285713,true,7
5.224242924910228,7.7696132653061225,5.912076734693877,-1.550736530612245,true,7
5.232139878412618,7.768652244897959,5.892357755102041,-1.5530744897959183,true,7
5.240036831915008,7.767691224489796,5.872638775510204,-1.5554124489795917,true,7
5.247933785417398,7.766730204081632,5.852919795918368,-1.5577504081632652,true,7
5.255830738919789,7.765769183673469,5.8332008163265305,-1.5600883673469388,true,7
5.2637276924221785,7.764808163265306,5.813481836734693,-1.5624263265306122,true,7
5.271624645924569,7.763847142857142,5.793762857142857,-1.5647642857142856,true,7
5.279521599426959,7.762886122448979,5.774043877551021,-1.567102244897959,true,7
5.287418552929349,7.7619251020408155,5.754324897959184,-1.5694402040816327,true,7
5.29531550643174,7.760964081632653,5.734605918367347,-1.571778163265306,true,7
5.303212459934129,7.76000306122449,5.714886938775511,-1.5741161224489795,true,7
5.31110941343652,7.759042040816326,5.6951679591836735,-1.5764540816326529,true,7
5.319006366938909,7.758081020408163,5.675448979591837,-1.5787920408163265,true,7
5.3269033204413,7.75712,5.65573,-1.58113,true,8
5.334834415604061,7.745848173076923,5.672042115384616,-1.5660287499999999,true,8
5.342765510766823,7.734576346153846,5.688354230769231,-1.5509275,true,8
5.350696605929583,7.723304519230769,5.7046663461538465,-1.53582625,true,8
5.358627701092344,7.712032692307692,5.720978461538461,-1.5207249999999999,true,8
5.366558796255106,7.700760865384615,5.737290576923077,-1.5056237499999998,true,8
5.374489891417867,7.689489038461538,5.753602692307693,-1.4905225,true,8
5.3824209865806285,7.6782172115384615,5.769914807692308,-1.47542125,true,8
5.390352081743389,7.666945384615384,5.786226923076923,-1.4603199999999998,true,8
5.39828317690615,7.655673557692308,5.802539038461538,-1.44521875,true,8
5.406214272068912,7.64440173076923,5.818851153846154,-1.4301175,true,8
5.414145367231673,7.633129903846154,5.83516326923077,-1.4150162499999999,true,8
5.422076462394434,7.621858076923076,5.851475384615385,-1.399915,true,8
5.430007557557195,7.61058625,5.8677875,-1.38481375,true,8
5.437938652719956,7.5993144230769225,5.884099615384615,-1.3697124999999999,true,8
5.445869747882718,7.588042596153846,5.900411730769231,-1.35461125,true,8
5.453800843045479,7.576770769230769,5.916723846153847,-1.33951,true,8
5.46173193820824,7.565498942307692,5.933035961538462,-1.32440875,true,8
5.469663033371001,7.554227115384615,5.949348076923077,-1.3093075,true,8
5.477594128533762,7.542955288461538,5.965660192307692,-1.29420625,true,8
5.4855252236965235,7.531683461538461,5.981972307692308,-1.279105,true,8
5.493456318859285,7.520411634615384,5.998284423076923,-1.2640037499999999,true,8
5.501387414022046,7.509139807692307,6.0145965384615385,-1.2489024999999998,true,8
5.509318509184807,7.4978679807692306,6.030908653846154,-1.23380125,true,8
5.517249604347568,7.486596153846153,6.047220769230769,-1.2187,true,8
5.525180699510329,7.475324326923077,6.063532884615385,-1.2035987499999998,true,8
5.533111794673091,7.464052499999999,6.079845000000001,-1.1884975,true,8
5.541042889835852,7.452780673076923,6.0961571153846155,-1.17339625,true,8
5.548973984998613,7.441508846153846,6.112469230769231,-1.1582949999999999,true,8
5.556905080161374,7.430237019230769,6.128781346153846,-1.14319375,true,8
5.564836175324135,7.4189651923076925,6.145093461538462,-1.1280925,true,8
5.572767270486897,7.407693365384615,6.161405576923077,-1.1129912499999999,true,8
5.580698365649658,7.396421538461539,6.177717692307692,-1.09789,true,8
5.5886294608124185,7.385149711538461,6.194029807692308,-1.08278875,true,8
5.59656055597518,7.373877884615385,6.210341923076923,-1.0676875,true,8
5.604491651137941,7.362606057692307,6.226654038461539,-1.05258625,true,8
5.612422746300703,7.351334230769231,6.2429661538461545,-1.037485,true,8
5.620353841463464,7.3400624038461535,6.259278269230769,-1.02238375,true,8
5.628284936626224,7.328790576923077,6.275590384615385,-1.0072825,true,8
5.636216031788986,7.31751875,6.2919025,-0.9921812499999999,true,8
5.644147126951747,7.306246923076923,6.308214615384616,-0.97708,true,8
5.6520782221145085,7.294975096153846,6.3245267307692306,-0.96197875,true,8
5.66000931727727,7.283703269230769,6.340838846153846,-0.9468774999999999,true,8
5.66794041244003,7.272431442307692,6.357150961538462,-0.93177625,true,8
5.675871507602792,7.261159615384615,6.373463076923077,-0.9166749999999999,true,8
5.683802602765553,7.249887788461538,6.389775192307693,-0.90157375,true,8
5.691733697928314,7.2386159615384615,6.4060873076923075,-0.8864725,true,8
5.699664793091076,7.227344134615384,6.422399423076923,-0.8713712499999999,true,8
5.707595888253836,7.216072307692308,6.438711538461539,-0.8562699999999999,true,8
5.715526983416598,7.204800480769231,6.455023653846154,-0.8411687499999999,true,8
5.723458078579359,7.193528653846154,6.47133576923077,-0.8260675,true,8
5.73138917374212,7.182256826923076,6.487647884615384,-0.81096625,true,8
5.739320268904882,7.170985,6.50396,-0.7958649999999999,true,8
5.747251364067642,7.1597131730769235,6.520272115384616,-0.78076375,true,8
5.7551824592304035,7.148441346153846,6.536584230769231,-0.7656624999999999,true,8
5.763113554393165,7.137169519230769,6.5528963461538465,-0.75056125,true,8
5.771044649555926,7.125897692307692,6.569208461538461,-0.73546,true,8
5.778975744718688,7.114625865384616,6.585520576923077,-0.7203587499999998,true,8
5.786906839881448,7.103354038461538,6.601832692307693,-0.7052574999999999,true,8
5.794837935044209,7.092082211538462,6.618144807692308,-0.6901562499999999,true,8
5.802769030206971,7.0808103846153845,6.6344569230769235,-0.675055,true,8
5.810700125369732,7.069538557692308,6.650769038461538,-0.6599537499999999,true,8
5.8186312205324935,7.058266730769231,6.667081153846154,-0.6448524999999999,true,8
5.826562315695254,7.046994903846154,6.68339326923077,-0.62975125,true,8
5.834493410858015,7.035723076923077,6.699705384615385,-0.6146499999999999,true,8
5.842424506020777,7.02445125,6.7160175,-0.59954875,true,8
5.850355601183538,7.013179423076923,6.732329615384615,-0.5844475,true,8
5.858286696346299,7.001907596153846,6.748641730769231,-0.5693462499999999,true,8
5.86621779150906,6.990635769230769,6.764953846153846,-0.5542449999999999,true,8
5.874148886671821,6.9793639423076925,6.781265961538462,-0.53914375,true,8
5.882079981834583,6.968092115384615,6.797578076923077,-0.5240425,true,8
5.890011076997344,6.956820288461539,6.813890192307692,-0.5089412499999999,true,8
5.897942172160105,6.945548461538461,6.830202307692308,-0.49384000000000006,true,8
5.905873267322866,6.934276634615385,6.846514423076924,-0.47873875,true,8
5.913804362485627,6.923004807692307,6.862826538461539,-0.4636374999999999,true,8
5.9217354576483885,6.911732980769231,6.879138653846154,-0.44853624999999986,true,8
5.92966655281115,6.9004611538461536,6.895450769230769,-0.433435,true,8
5.937597647973911,6.889189326923077,6.911762884615385,-0.41833374999999995,true,8
5.945528743136672,6.877917500000001,6.928075,-0.4032324999999999,true,8
5.953459838299433,6.866645673076923,6.9443871153846155,-0.38813125000000004,true,8
5.961390933462194,6.855373846153846,6.960699230769231,-0.37303,true,8
5.969322028624956,6.844102019230769,6.977011346153846,-0.3579287499999999,true,8
5.977253123787717,6.832830192307693,6.993323461538462,-0.34282750000000006,true,8
5.985184218950478,6.8215583653846155,7.009635576923078,-0.3277262499999998,true,8
5.993115314113239,6.810286538461539,7.0259476923076924,-0.31262499999999993,true,8
6.001046409276,6.799014711538462,7.042259807692308,-0.29752374999999986,true,8
6.008977504438762,6.787742884615385,7.058571923076923,-0.2824225,true,8
6.016908599601523,6.776471057692308,7.074884038461539,-0.26732124999999995,true,8
6.0248396947642835,6.765199230769231,7.091196153846154,-0.2522199999999999,true,8
6.032770789927045,6.753927403846154,7.107508269230769,-0.23711875000000004,true,8
6.040701885089806,6.742655576923077,7.123820384615385,-0.22201749999999998,true,8
6.048632980252568,6.73138375,7.1401325,-0.2069162499999999,true,8
6.056564075415329,6.7201119230769235,7.156444615384616,-0.19181500000000007,true,8
6.064495170578089,6.708840096153846,7.1727567307692315,-0.17671374999999978,true,8
6.072426265740851,6.69756826923077,7.189068846153846,-0.16161249999999994,true,8
6.080357360903612,6.686296442307692,7.205380961538461,-0.14651124999999987,true,8
6.0882884560663735,6.675024615384616,7.221693076923077,-0.1314099999999998,true,8
6.096219551229135,6.663752788461538,7.238005192307693,-0.11630874999999996,true,8
6.104150646391895,6.652480961538462,7.2543173076923075,-0.1012074999999999,true,8
6.112081741554657,6.641209134615385,7.270629423076923,-0.08610625000000005,true,8
6.120012836717418,6.629937307692308,7.286941538461539,-0.07100499999999998,true,8
6.127943931880179,6.618665480769231,7.303253653846154,-0.05590374999999992,true,8
6.135875027042941,6.607393653846154,7.31956576923077,-0.040802500000000075,true,8
6.143806122205701,6.596121826923078,7.335877884615385,-0.025701249999999787,true,8
6.151737217368463,6.58485,7.35219,-0.0106,true,9
6.159734542477257,6.564863148148149,7.352698240740741,-0.0106,true,9
6.167731867586051,6.544876296296296,7.3532064814814815,-0.0106,true,9
6.175729192694845,6.524889444444445,7.3537147222222226,-0.0106,true,9
6.18372651780364,6.504902592592593,7.354222962962963,-0.0106,true,9
6.191723842912434,6.484915740740741,7.354731203703704,-0.0106,true,9
6.199721168021228,6.464928888888889,7.355239444444445,-0.0106,true,9
6.207718493130022,6.444942037037038,7.355747685185185,-0.0106,true,9
6.215715818238817,6.424955185185185,7.356255925925926,-0.0106,true,9
6.223713143347611,6.404968333333334,7.356764166666667,-0.0106,true,9
6.231710468456405,6.384981481481482,7.357272407407407,-0.0106,true,9
6.2397077935651994,6.36499462962963,7.3577806481481485,-0.0106,true,9
6.247705118673993,6.345007777777778,7.358288888888889,-0.0106,true,9
6.255702443782788,6.3250209259259265,7.35879712962963,-0.0106,true,9
6.263699768891582,6.305034074074074,7.359305370370371,-0.0106,true,9
6.271697094000376,6.2850472222222225,7.359813611111111,-0.0106,true,9
6.279694419109171,6.265060370370371,7.360321851851852,-0.0106,true,9
6.287691744217964,6.245073518518518,7.360830092592593,-0.0106,true,9
6.295689069326759,6.225086666666667,7.361338333333333,-0.0106,true,9
6.3036863944355535,6.205099814814815,7.361846574074074,-0.0106,true,9
6.311683719544347,6.185112962962963,7.362354814814815,-0.0106,true,9
6.319681044653142,6.165126111111111,7.362863055555556,-0.0106,true,9
6.327678369761935,6.14513925925926,7.363371296296297,-0.0106,true,9
6.33567569487073,6.125152407407407,7.363879537037037,-0.0106,true,9
6.343673019979525,6.105165555555556,7.364387777777778,-0.0106,true,9
6.351670345088318,6.085178703703704,7.364896018518519,-0.0106,true,9
6.359667670197113,6.065191851851852,7.365404259259259,-0.0106,true,9
6.367664995305907,6.045205,7.3659125,-0.0106,true,9
6.375662320414701,6.025218148148149,7.3664207407407405,-0.0106,true,9
6.383659645523496,6.005231296296296,7.366928981481482,-0.0106,true,9
6.391656970632289,5.985244444444445,7.367437222222223,-0.0106,true,9
6.399654295741084,5.965257592592593,7.367945462962963,-0.0106,true,9
6.407651620849878,5.945270740740741,7.368453703703704,-0.0106,true,9
6.4156489459586705,5.925283888888889,7.368961944444444,-0.0106,true,9
6.423646271067464,5.9052970370370375,7.369470185185185,-0.0106,true,9
6.431643596176258,5.885310185185185,7.369978425925926,-0.0106,true,9
6.439640921285052,5.8653233333333334,7.370486666666666,-0.0106,true,9
6.447638246393845,5.845336481481482,7.3709949074074075,-0.0106,true,9
6.455635571502638,5.825349629629629,7.3715031481481486,-0.0106,true,9
6.463632896611432,5.805362777777778,7.372011388888889,-0.0106,true,9
6.4716302217202255,5.785375925925926,7.37251962962963,-0.0106,true,9
6.479627546829019,5.765389074074074,7.37302787037037,-0.0106,true,9
6.487624871937813,5.745402222222222,7.373536111111111,-0.0106,true,9
6.495622197046606,5.725415370370371,7.374044351851852,-0.0106,true,9
6.503619522155399,5.705428518518518,7.374552592592592,-0.0106,true,9
6.511616847264193,5.685441666666667,7.375060833333333,-0.0106,true,9
6.519614172372987,5.665454814814815,7.3755690740740745,-0.0106,true,9
6.5276114974817805,5.645467962962963,7.376077314814815,-0.0106,true,9
6.535608822590573,5.625481111111111,7.376585555555556,-0.0106,true,9
6.543606147699367,5.60549425925926,7.377093796296296,-0.0106,true,9
6.551603472808161,5.585507407407407,7.377602037037037,-0.0106,true,9
6.559600797916954,5.565520555555556,7.378110277777778,-0.0106,true,9
6.567598123025748,5.545533703703704,7.378618518518518,-0.0106,true,9
6.575595448134541,5.525546851851852,7.379126759259259,-0.0106,true,9
6.583592773243335,5.50556,7.379635,-0.0106,true,9
6.591590098352128,5.4855731481481484,7.380143240740741,-0.0106,true,9
6.599587423460922,5.465586296296296,7.380651481481482,-0.0106,true,9
6.607584748569716,5.445599444444444,7.381159722222222,-0.0106,true,9
6.6155820736785085,5.425612592592593,7.381667962962963,-0.0106,true,9
6.623579398787302,5.40562574074074,7.382176203703704,-0.0106,true,9
6.631576723896096,5.385638888888889,7.382684444444444,-0.0106,true,9
6.63957404900489,5.365652037037037,7.383192685185185,-0.0106,true,9
6.647571374113683,5.345665185185185,7.383700925925925,-0.0106,true,9
6.655568699222476,5.325678333333333,7.3842091666666665,-0.0106,true,9
6.66356602433127,5.305691481481482,7.384717407407408,-0.0106,true,9
6.6715633494400635,5.285704629629629,7.385225648148148,-0.0106,true,9
6.679560674548857,5.265717777777778,7.385733888888889,-0.0106,true,9
6.687557999657651,5.245730925925926,7.38624212962963,-0.0106,true,9
6.695555324766444,5.225744074074074,7.38675037037037,-0.0106,true,9
6.703552649875237,5.205757222222222,7.387258611111111,-0.0106,true,9
6.711549974984031,5.185770370370371,7.387766851851851,-0.0106,true,9
6.719547300092825,5.165783518518518,7.388275092592592,-0.0106,true,9
6.7275446252016184,5.145796666666667,7.3887833333333335,-0.0106,true,9
6.735541950310411,5.125809814814815,7.389291574074074,-0.0106,true,9
6.743539275419205,5.105822962962963,7.389799814814815,-0.0106,true,9
6.751536600527999,5.085836111111111,7.390308055555556,-0.0106,true,9
6.759533925636792,5.065849259259259,7.390816296296296,-0.0106,true,9
6.767531250745586,5.045862407407407,7.391324537037037,-0.0106,true,9
6.775528575854379,5.025875555555555,7.391832777777777,-0.0106,true,9
6.7835259009631725,5.005888703703704,7.392341018518518,-0.0106,true,9
6.791523226071966,4.985901851851851,7.392849259259259,-0.0106,true,9
6.79952055118076,4.965915,7.3933575,-0.0106,true,9
6.807517876289554,4.945928148148148,7.393865740740741,-0.0106,true,9
6.815515201398346,4.925941296296296,7.394373981481481,-0.0106,true,9
6.82351252650714,4.905954444444444,7.394882222222222,-0.0106,true,9
6.831509851615934,4.885967592592593,7.395390462962963,-0.0106,true,9
6.8395071767247275,4.86598074074074,7.395898703703703,-0.0106,true,9
6.847504501833521,4.845993888888889,7.396406944444444,-0.0106,true,9
6.855501826942314,4.826007037037037,7.396915185185185,-0.0106,true,9
6.863499152051108,4.806020185185185,7.3974234259259255,-0.0106,true,9
6.871496477159901,4.786033333333333,7.397931666666667,-0.0106,true,9
6.879493802268695,4.766046481481482,7.398439907407407,-0.0106,true,9
6.887491127377489,4.746059629629629,7.398948148148148,-0.0106,true,9
6.895488452486282,4.726072777777778,7.399456388888889,-0.0106,true,9
6.903485777595075,4.706085925925926,7.399964629629629,-0.0106,true,9
6.911483102703869,4.686099074074074,7.40047287037037,-0.0106,true,9
6.919480427812663,4.666112222222222,7.400981111111111,-0.0106,true,9
6.927477752921456,4.64612537037037,7.401489351851851,-0.0106,true,9
6.935475078030249,4.626138518518518,7.4019975925925925,-0.0106,true,9
6.943472403139043,4.606151666666666,7.402505833333333,-0.0106,true,9
6.951469728247837,4.586164814814815,7.403014074074074,-0.0106,true,9
6.95946705335663,4.566177962962962,7.403522314814815,-0.0106,true,9
6.967464378465424,4.546191111111111,7.404030555555555,-0.0106,true,9
6.975461703574217,4.526204259259259,7.404538796296296,-0.0106,true,9
6.9834590286830105,4.506217407407407,7.405047037037037,-0.0106,true,9
6.991456353791804,4.486230555555555,7.405555277777777,-0.0106,true,9
6.999453678900598,4.466243703703704,7.406063518518518,-0.0106,true,9
7.007451004009392,4.446256851851851,7.406571759259259,-0.0106,true,9
7.015448329118184,4.42627,7.40708,-0.0106,true,9
